kickoff,home_team,away_team,bookmaker,total_line_over,total_line_under,odds_over,odds_under,total_mu,sigma,p_model_over,p_model_under,p_mkt_over,p_mkt_under,edge_over,edge_under,pick,edge_pick,line_pick,odds_pick
2025-09-07T17:01:00Z,New York Jets,Pittsburgh Steelers,LowVig.ag,38.5,34.5,2.03,2.5,45.82,10.5,0.8127,0.1873,0.5519,0.4481,0.2608,-0.2608,OVER,0.2608,38.5,2.03
2025-09-08T00:21:00Z,Buffalo Bills,Baltimore Ravens,Pinnacle,52.5,51.5,1.98,1.96,45.82,10.5,0.2782,0.7218,0.4975,0.5025,-0.2193,0.2193,UNDER,0.2193,51.5,1.96
2025-12-28T18:00:00Z,Cleveland Browns,Pittsburgh Steelers,DraftKings,40.5,40.5,1.91,1.91,45.82,10.5,0.6939,0.3061,0.5,0.5,0.1939,-0.1939,OVER,0.1939,40.5,1.91
2025-11-09T18:00:00Z,New York Jets,Cleveland Browns,DraftKings,40.5,40.5,1.91,1.91,45.82,10.5,0.6939,0.3061,0.5,0.5,0.1939,-0.1939,OVER,0.1939,40.5,1.91
2025-10-05T20:25:00Z,Cincinnati Bengals,Detroit Lions,DraftKings,57.0,50.5,2.8,1.91,45.82,10.5,0.2252,0.7748,0.4055,0.5945,-0.1804,0.1804,UNDER,0.1804,50.5,1.91
2025-10-05T13:30:00Z,Cleveland Browns,Minnesota Vikings,DraftKings,41.5,41.0,1.91,1.92,45.82,10.5,0.6684,0.3316,0.5013,0.4987,0.1671,-0.1671,OVER,0.1671,41.5,1.91
2025-11-09T21:25:00Z,Washington Commanders,Detroit Lions,DraftKings,50.5,49.5,1.91,1.95,45.82,10.5,0.3454,0.6546,0.5052,0.4948,-0.1598,0.1598,UNDER,0.1598,49.5,1.95
2025-12-28T18:00:00Z,New York Jets,New England Patriots,DraftKings,41.5,41.5,1.91,1.91,45.82,10.5,0.6597,0.3403,0.5,0.5,0.1597,-0.1597,OVER,0.1597,41.5,1.91
2025-12-21T18:00:00Z,New Orleans Saints,New York Jets,DraftKings,41.5,41.5,1.91,1.91,45.82,10.5,0.6597,0.3403,0.5,0.5,0.1597,-0.1597,OVER,0.1597,41.5,1.91
2025-12-07T18:00:00Z,Cleveland Browns,Tennessee Titans,DraftKings,41.5,41.5,1.91,1.91,45.82,10.5,0.6597,0.3403,0.5,0.5,0.1597,-0.1597,OVER,0.1597,41.5,1.91
2025-11-23T21:05:00Z,Las Vegas Raiders,Cleveland Browns,888sport,41.5,41.5,1.91,1.93,45.82,10.5,0.6597,0.3403,0.5026,0.4974,0.1571,-0.1571,OVER,0.1571,41.5,1.91
2025-09-07T20:06:00Z,Denver Broncos,Tennessee Titans,LowVig.ag,41.5,41.5,1.93,1.96,45.82,10.5,0.6597,0.3403,0.5039,0.4961,0.1559,-0.1559,OVER,0.1559,41.5,1.93
2025-10-12T13:30:00Z,New York Jets,Denver Broncos,FanDuel,41.5,42.5,1.93,1.91,45.82,10.5,0.6421,0.3579,0.4974,0.5026,0.1447,-0.1447,OVER,0.1447,41.5,1.93
2025-09-23T00:15:00Z,Baltimore Ravens,Detroit Lions,Nordic Bet,49.5,48.0,1.91,2.18,45.82,10.5,0.3902,0.6098,0.533,0.467,-0.1428,0.1428,UNDER,0.1428,48.0,2.18
2025-10-05T17:00:00Z,New Orleans Saints,New York Giants,DraftKings,42.5,41.5,1.91,1.92,45.82,10.5,0.6421,0.3579,0.5013,0.4987,0.1408,-0.1408,OVER,0.1408,42.5,1.91
2025-12-07T21:25:00Z,Buffalo Bills,Cincinnati Bengals,DraftKings,49.5,49.5,1.91,1.91,45.82,10.5,0.3631,0.6369,0.5,0.5,-0.1369,0.1369,UNDER,0.1369,49.5,1.91
2025-12-25T18:01:00Z,Washington Commanders,Dallas Cowboys,DraftKings,50.5,48.5,1.95,1.95,45.82,10.5,0.3631,0.6369,0.5,0.5,-0.1369,0.1369,UNDER,0.1369,48.5,1.95
2025-10-20T23:00:00Z,Detroit Lions,Tampa Bay Buccaneers,DraftKings,49.5,49.5,1.91,1.91,45.82,10.5,0.3631,0.6369,0.5,0.5,-0.1369,0.1369,UNDER,0.1369,49.5,1.91
2025-11-16T18:00:00Z,Buffalo Bills,Tampa Bay Buccaneers,DraftKings,49.5,49.5,1.91,1.91,45.82,10.5,0.3631,0.6369,0.5,0.5,-0.1369,0.1369,UNDER,0.1369,49.5,1.91
2025-11-28T01:20:00Z,Baltimore Ravens,Cincinnati Bengals,DraftKings,49.5,49.5,1.91,1.91,45.82,10.5,0.3631,0.6369,0.5,0.5,-0.1369,0.1369,UNDER,0.1369,49.5,1.91
2025-12-14T18:00:00Z,Cincinnati Bengals,Baltimore Ravens,DraftKings,49.5,49.5,1.91,1.91,45.82,10.5,0.3631,0.6369,0.5,0.5,-0.1369,0.1369,UNDER,0.1369,49.5,1.91
2025-09-14T17:00:00Z,Pittsburgh Steelers,Seattle Seahawks,DraftKings,42.5,38.0,1.91,2.5,45.82,10.5,0.7022,0.2978,0.5669,0.4331,0.1353,-0.1353,OVER,0.1353,42.5,1.91
2025-09-28T13:30:00Z,Pittsburgh Steelers,Minnesota Vikings,DraftKings,42.5,38.5,1.91,2.43,45.82,10.5,0.6939,0.3061,0.5599,0.4401,0.134,-0.134,OVER,0.134,42.5,1.91
2025-09-07T17:01:00Z,New England Patriots,Las Vegas Raiders,GTbets,42.5,38.5,1.92,2.45,45.82,10.5,0.6939,0.3061,0.5606,0.4394,0.1333,-0.1333,OVER,0.1333,42.5,1.92
2025-09-07T20:26:00Z,Green Bay Packers,Detroit Lions,FanDuel,50.0,49.5,2.04,1.94,45.82,10.5,0.3542,0.6458,0.4874,0.5126,-0.1332,0.1332,UNDER,0.1332,49.5,1.94
2025-10-26T17:00:00Z,New England Patriots,Cleveland Browns,DraftKings,42.5,42.5,1.93,1.89,45.82,10.5,0.6242,0.3758,0.4948,0.5052,0.1294,-0.1294,OVER,0.1294,42.5,1.93
2025-12-21T18:00:00Z,New York Giants,Minnesota Vikings,DraftKings,42.5,42.5,1.91,1.91,45.82,10.5,0.6242,0.3758,0.5,0.5,0.1242,-0.1242,OVER,0.1242,42.5,1.91
2025-12-28T21:25:00Z,Las Vegas Raiders,New York Giants,DraftKings,42.5,42.5,1.91,1.91,45.82,10.5,0.6242,0.3758,0.5,0.5,0.1242,-0.1242,OVER,0.1242,42.5,1.91
2025-12-14T18:00:00Z,Chicago Bears,Cleveland Browns,DraftKings,42.5,42.5,1.91,1.91,45.82,10.5,0.6242,0.3758,0.5,0.5,0.1242,-0.1242,OVER,0.1242,42.5,1.91
2025-11-30T18:00:00Z,Cleveland Browns,San Francisco 49ers,DraftKings,42.5,42.5,1.91,1.91,45.82,10.5,0.6242,0.3758,0.5,0.5,0.1242,-0.1242,OVER,0.1242,42.5,1.91
2025-12-02T01:15:00Z,New England Patriots,New York Giants,DraftKings,42.5,42.5,1.91,1.91,45.82,10.5,0.6242,0.3758,0.5,0.5,0.1242,-0.1242,OVER,0.1242,42.5,1.91
2025-12-28T18:00:00Z,Tennessee Titans,New Orleans Saints,DraftKings,42.5,42.5,1.91,1.91,45.82,10.5,0.6242,0.3758,0.5,0.5,0.1242,-0.1242,OVER,0.1242,42.5,1.91
2026-01-04T21:05:00Z,Denver Broncos,Los Angeles Chargers,DraftKings,42.5,42.5,1.91,1.91,45.82,10.5,0.6242,0.3758,0.5,0.5,0.1242,-0.1242,OVER,0.1242,42.5,1.91
2025-11-14T01:15:00Z,New England Patriots,New York Jets,DraftKings,42.5,42.5,1.91,1.91,45.82,10.5,0.6242,0.3758,0.5,0.5,0.1242,-0.1242,OVER,0.1242,42.5,1.91
2025-10-12T17:00:00Z,Pittsburgh Steelers,Cleveland Browns,DraftKings,42.5,42.5,1.91,1.91,45.82,10.5,0.6242,0.3758,0.5,0.5,0.1242,-0.1242,OVER,0.1242,42.5,1.91
2025-10-19T20:05:00Z,Denver Broncos,New York Giants,DraftKings,42.5,42.5,1.91,1.91,45.82,10.5,0.6242,0.3758,0.5,0.5,0.1242,-0.1242,OVER,0.1242,42.5,1.91
2025-10-12T20:25:00Z,Green Bay Packers,Cincinnati Bengals,DraftKings,49.5,48.5,1.91,1.95,45.82,10.5,0.3811,0.6189,0.5052,0.4948,-0.1241,0.1241,UNDER,0.1241,48.5,1.95
2025-09-28T17:00:00Z,Atlanta Falcons,Washington Commanders,DraftKings,49.5,48.5,1.91,1.95,45.82,10.5,0.3811,0.6189,0.5052,0.4948,-0.1241,0.1241,UNDER,0.1241,48.5,1.95
2025-09-14T17:00:00Z,Cincinnati Bengals,Jacksonville Jaguars,Nordic Bet,49.5,45.5,1.91,2.43,45.82,10.5,0.4366,0.5634,0.5599,0.4401,-0.1233,0.1233,UNDER,0.1233,45.5,2.43
2025-09-07T17:01:00Z,New Orleans Saints,Arizona Cardinals,LowVig.ag,42.5,42.5,1.93,1.97,45.82,10.5,0.6242,0.3758,0.5051,0.4949,0.1191,-0.1191,OVER,0.1191,42.5,1.93
2025-10-12T17:00:00Z,Tampa Bay Buccaneers,San Francisco 49ers,DraftKings,48.5,48.5,1.87,1.95,45.82,10.5,0.3994,0.6006,0.5105,0.4895,-0.1111,0.1111,UNDER,0.1111,48.5,1.95
2025-09-28T17:00:00Z,Tampa Bay Buccaneers,Philadelphia Eagles,DraftKings,50.5,48.5,2.12,1.91,45.82,10.5,0.3631,0.6369,0.4739,0.5261,-0.1108,0.1108,UNDER,0.1108,48.5,1.91
2025-09-19T00:15:00Z,Buffalo Bills,Miami Dolphins,DraftKings,51.0,48.5,2.24,1.91,45.82,10.5,0.3542,0.6458,0.4602,0.5398,-0.106,0.106,UNDER,0.106,48.5,1.91
2025-10-19T20:25:00Z,Dallas Cowboys,Washington Commanders,DraftKings,48.5,48.5,1.91,1.95,45.82,10.5,0.3994,0.6006,0.5052,0.4948,-0.1058,0.1058,UNDER,0.1058,48.5,1.95
2025-09-09T00:16:00Z,Chicago Bears,Minnesota Vikings,1xBet,43.5,43.0,2.0,1.96,45.82,10.5,0.5968,0.4032,0.4949,0.5051,0.1019,-0.1019,OVER,0.1019,43.5,2.0
2025-10-13T23:15:00Z,Atlanta Falcons,Buffalo Bills,DraftKings,48.5,48.5,1.91,1.91,45.82,10.5,0.3994,0.6006,0.5,0.5,-0.1006,0.1006,UNDER,0.1006,48.5,1.91
2025-10-13T00:20:00Z,Kansas City Chiefs,Detroit Lions,DraftKings,48.5,48.5,1.91,1.91,45.82,10.5,0.3994,0.6006,0.5,0.5,-0.1006,0.1006,UNDER,0.1006,48.5,1.91
2025-09-14T17:00:00Z,Detroit Lions,Chicago Bears,DraftKings,48.5,48.5,1.91,1.91,45.82,10.5,0.3994,0.6006,0.5,0.5,-0.1006,0.1006,UNDER,0.1006,48.5,1.91
2025-11-02T18:00:00Z,Cincinnati Bengals,Chicago Bears,DraftKings,48.5,48.5,1.91,1.91,45.82,10.5,0.3994,0.6006,0.5,0.5,-0.1006,0.1006,UNDER,0.1006,48.5,1.91
2025-10-28T00:15:00Z,Kansas City Chiefs,Washington Commanders,DraftKings,48.5,48.5,1.91,1.91,45.82,10.5,0.3994,0.6006,0.5,0.5,-0.1006,0.1006,UNDER,0.1006,48.5,1.91
2025-10-26T17:00:00Z,Baltimore Ravens,Chicago Bears,DraftKings,48.5,48.5,1.91,1.91,45.82,10.5,0.3994,0.6006,0.5,0.5,-0.1006,0.1006,UNDER,0.1006,48.5,1.91
2025-10-14T00:15:00Z,Washington Commanders,Chicago Bears,DraftKings,48.5,48.5,1.91,1.91,45.82,10.5,0.3994,0.6006,0.5,0.5,-0.1006,0.1006,UNDER,0.1006,48.5,1.91
2025-10-12T17:00:00Z,Baltimore Ravens,Los Angeles Rams,DraftKings,48.5,48.5,1.91,1.91,45.82,10.5,0.3994,0.6006,0.5,0.5,-0.1006,0.1006,UNDER,0.1006,48.5,1.91
2025-11-02T21:25:00Z,Buffalo Bills,Kansas City Chiefs,DraftKings,48.5,48.5,1.91,1.91,45.82,10.5,0.3994,0.6006,0.5,0.5,-0.1006,0.1006,UNDER,0.1006,48.5,1.91
2025-11-16T14:30:00Z,Miami Dolphins,Washington Commanders,DraftKings,48.5,48.5,1.91,1.91,45.82,10.5,0.3994,0.6006,0.5,0.5,-0.1006,0.1006,UNDER,0.1006,48.5,1.91
2025-11-27T18:00:00Z,Detroit Lions,Green Bay Packers,DraftKings,48.5,48.5,1.91,1.91,45.82,10.5,0.3994,0.6006,0.5,0.5,-0.1006,0.1006,UNDER,0.1006,48.5,1.91
2025-12-14T21:25:00Z,Los Angeles Rams,Detroit Lions,DraftKings,48.5,48.5,1.91,1.91,45.82,10.5,0.3994,0.6006,0.5,0.5,-0.1006,0.1006,UNDER,0.1006,48.5,1.91
2025-11-30T18:00:00Z,Tampa Bay Buccaneers,Arizona Cardinals,DraftKings,48.5,48.5,1.91,1.91,45.82,10.5,0.3994,0.6006,0.5,0.5,-0.1006,0.1006,UNDER,0.1006,48.5,1.91
2025-12-22T01:20:00Z,Miami Dolphins,Cincinnati Bengals,DraftKings,48.5,48.5,1.91,1.91,45.82,10.5,0.3994,0.6006,0.5,0.5,-0.1006,0.1006,UNDER,0.1006,48.5,1.91
2025-12-25T21:30:00Z,Minnesota Vikings,Detroit Lions,FanDuel,48.5,48.5,1.91,1.91,45.82,10.5,0.3994,0.6006,0.5,0.5,-0.1006,0.1006,UNDER,0.1006,48.5,1.91
2025-12-05T01:15:00Z,Detroit Lions,Dallas Cowboys,DraftKings,48.5,48.5,1.91,1.91,45.82,10.5,0.3994,0.6006,0.5,0.5,-0.1006,0.1006,UNDER,0.1006,48.5,1.91
2025-10-12T20:25:00Z,New Orleans Saints,New England Patriots,888sport,43.5,43.5,2.0,1.91,45.82,10.5,0.5876,0.4124,0.4885,0.5115,0.0991,-0.0991,OVER,0.0991,43.5,2.0
2025-09-28T20:25:00Z,Kansas City Chiefs,Baltimore Ravens,Nordic Bet,48.5,47.0,1.91,2.1,45.82,10.5,0.4272,0.5728,0.5237,0.4763,-0.0965,0.0965,UNDER,0.0965,47.0,2.1
2025-09-21T17:00:00Z,New England Patriots,Pittsburgh Steelers,Nordic Bet,46.0,43.5,2.38,1.91,45.82,10.5,0.5407,0.4593,0.4452,0.5548,0.0955,-0.0955,OVER,0.0955,46.0,2.38
2025-09-12T00:15:00Z,Green Bay Packers,Washington Commanders,Nordic Bet,48.5,43.0,1.92,2.86,45.82,10.5,0.5028,0.4972,0.5983,0.4017,-0.0955,0.0955,UNDER,0.0955,43.0,2.86
2025-11-09T18:00:00Z,Miami Dolphins,Buffalo Bills,BetMGM,48.5,48.5,1.95,1.91,45.82,10.5,0.3994,0.6006,0.4948,0.5052,-0.0954,0.0954,UNDER,0.0954,48.5,1.91
2025-09-21T20:05:00Z,Seattle Seahawks,New Orleans Saints,DraftKings,43.5,37.5,1.91,2.86,45.82,10.5,0.6939,0.3061,0.5996,0.4004,0.0943,-0.0943,OVER,0.0943,43.5,1.91
2025-09-21T17:00:00Z,Minnesota Vikings,Cincinnati Bengals,DraftKings,49.5,47.5,2.01,1.95,45.82,10.5,0.3994,0.6006,0.4924,0.5076,-0.093,0.093,UNDER,0.093,47.5,1.95
2025-09-21T17:00:00Z,Cleveland Browns,Green Bay Packers,DraftKings,43.5,43.5,1.95,1.91,45.82,10.5,0.5876,0.4124,0.4948,0.5052,0.0927,-0.0927,OVER,0.0927,43.5,1.95
2025-11-10T01:20:00Z,Los Angeles Chargers,Pittsburgh Steelers,DraftKings,43.5,43.5,1.91,1.91,45.82,10.5,0.5876,0.4124,0.5,0.5,0.0876,-0.0876,OVER,0.0876,43.5,1.91
2025-11-16T18:00:00Z,Tennessee Titans,Houston Texans,DraftKings,43.5,43.5,1.91,1.91,45.82,10.5,0.5876,0.4124,0.5,0.5,0.0876,-0.0876,OVER,0.0876,43.5,1.91
2025-12-21T21:25:00Z,Houston Texans,Las Vegas Raiders,DraftKings,43.5,43.5,1.91,1.91,45.82,10.5,0.5876,0.4124,0.5,0.5,0.0876,-0.0876,OVER,0.0876,43.5,1.91
2025-12-21T18:00:00Z,Cleveland Browns,Buffalo Bills,DraftKings,43.5,43.5,1.91,1.91,45.82,10.5,0.5876,0.4124,0.5,0.5,0.0876,-0.0876,OVER,0.0876,43.5,1.91
2025-10-19T17:00:00Z,New York Jets,Carolina Panthers,DraftKings,43.5,43.5,1.91,1.91,45.82,10.5,0.5876,0.4124,0.5,0.5,0.0876,-0.0876,OVER,0.0876,43.5,1.91
2025-11-30T18:00:00Z,New York Jets,Atlanta Falcons,DraftKings,43.5,43.5,1.91,1.91,45.82,10.5,0.5876,0.4124,0.5,0.5,0.0876,-0.0876,OVER,0.0876,43.5,1.91
2025-11-23T21:25:00Z,New Orleans Saints,Atlanta Falcons,DraftKings,43.5,43.5,1.91,1.91,45.82,10.5,0.5876,0.4124,0.5,0.5,0.0876,-0.0876,OVER,0.0876,43.5,1.91
2025-11-30T21:05:00Z,Seattle Seahawks,Minnesota Vikings,DraftKings,43.5,43.5,1.91,1.91,45.82,10.5,0.5876,0.4124,0.5,0.5,0.0876,-0.0876,OVER,0.0876,43.5,1.91
2025-12-14T18:00:00Z,Jacksonville Jaguars,New York Jets,DraftKings,43.5,43.5,1.91,1.91,45.82,10.5,0.5876,0.4124,0.5,0.5,0.0876,-0.0876,OVER,0.0876,43.5,1.91
2025-12-14T21:25:00Z,New Orleans Saints,Carolina Panthers,DraftKings,43.5,43.5,1.91,1.91,45.82,10.5,0.5876,0.4124,0.5,0.5,0.0876,-0.0876,OVER,0.0876,43.5,1.91
2025-12-28T18:00:00Z,Los Angeles Chargers,Houston Texans,DraftKings,43.5,43.5,1.91,1.91,45.82,10.5,0.5876,0.4124,0.5,0.5,0.0876,-0.0876,OVER,0.0876,43.5,1.91
2026-01-04T18:00:00Z,Cincinnati Bengals,Cleveland Browns,DraftKings,43.5,43.5,1.91,1.91,45.82,10.5,0.5876,0.4124,0.5,0.5,0.0876,-0.0876,OVER,0.0876,43.5,1.91
2026-01-04T18:00:00Z,Jacksonville Jaguars,Tennessee Titans,DraftKings,43.5,43.5,1.91,1.91,45.82,10.5,0.5876,0.4124,0.5,0.5,0.0876,-0.0876,OVER,0.0876,43.5,1.91
2025-12-07T18:00:00Z,New York Jets,Miami Dolphins,DraftKings,43.5,43.5,1.91,1.91,45.82,10.5,0.5876,0.4124,0.5,0.5,0.0876,-0.0876,OVER,0.0876,43.5,1.91
2025-12-07T21:05:00Z,Las Vegas Raiders,Denver Broncos,DraftKings,43.5,43.5,1.91,1.91,45.82,10.5,0.5876,0.4124,0.5,0.5,0.0876,-0.0876,OVER,0.0876,43.5,1.91
2025-11-07T01:15:00Z,Denver Broncos,Las Vegas Raiders,DraftKings,43.5,43.5,1.91,1.91,45.82,10.5,0.5876,0.4124,0.5,0.5,0.0876,-0.0876,OVER,0.0876,43.5,1.91
2025-11-16T18:00:00Z,New York Giants,Green Bay Packers,DraftKings,43.5,43.5,1.91,1.91,45.82,10.5,0.5876,0.4124,0.5,0.5,0.0876,-0.0876,OVER,0.0876,43.5,1.91
2025-10-10T00:15:00Z,New York Giants,Philadelphia Eagles,DraftKings,43.5,43.5,1.91,1.91,45.82,10.5,0.5876,0.4124,0.5,0.5,0.0876,-0.0876,OVER,0.0876,43.5,1.91
2025-10-19T17:00:00Z,Cleveland Browns,Miami Dolphins,DraftKings,43.5,43.5,1.91,1.91,45.82,10.5,0.5876,0.4124,0.5,0.5,0.0876,-0.0876,OVER,0.0876,43.5,1.91
2025-10-26T17:00:00Z,Philadelphia Eagles,New York Giants,DraftKings,43.5,43.5,1.91,1.91,45.82,10.5,0.5876,0.4124,0.5,0.5,0.0876,-0.0876,OVER,0.0876,43.5,1.91
2025-11-09T18:00:00Z,Carolina Panthers,New Orleans Saints,DraftKings,43.5,43.5,1.91,1.91,45.82,10.5,0.5876,0.4124,0.5,0.5,0.0876,-0.0876,OVER,0.0876,43.5,1.91
2025-09-22T00:20:00Z,New York Giants,Kansas City Chiefs,DraftKings,43.5,39.5,1.91,2.56,45.82,10.5,0.6597,0.3403,0.5727,0.4273,0.087,-0.087,OVER,0.087,43.5,1.91
2025-09-28T20:05:00Z,San Francisco 49ers,Jacksonville Jaguars,Nordic Bet,48.5,45.0,1.91,2.33,45.82,10.5,0.4648,0.5352,0.5495,0.4505,-0.0847,0.0847,UNDER,0.0847,45.0,2.33
2025-09-28T17:00:00Z,New York Giants,Los Angeles Chargers,Nordic Bet,44.0,43.5,1.96,1.91,45.82,10.5,0.5783,0.4217,0.4935,0.5065,0.0847,-0.0847,OVER,0.0847,44.0,1.96
2025-11-09T18:00:00Z,Chicago Bears,New York Giants,888sport,44.5,43.5,2.0,1.91,45.82,10.5,0.5689,0.4311,0.4885,0.5115,0.0804,-0.0804,OVER,0.0804,44.5,2.0
2025-12-28T18:00:00Z,Carolina Panthers,Seattle Seahawks,DraftKings,43.5,43.5,1.87,1.95,45.82,10.5,0.5876,0.4124,0.5105,0.4895,0.0771,-0.0771,OVER,0.0771,43.5,1.87
2025-09-21T17:00:00Z,Washington Commanders,Las Vegas Raiders,Nordic Bet,47.5,43.0,1.91,2.8,45.82,10.5,0.5218,0.4782,0.5945,0.4055,-0.0727,0.0727,UNDER,0.0727,43.0,2.8
2025-09-21T20:25:00Z,Chicago Bears,Dallas Cowboys,DraftKings,48.0,47.5,1.92,1.91,45.82,10.5,0.4272,0.5728,0.4987,0.5013,-0.0715,0.0715,UNDER,0.0715,47.5,1.91
2025-09-29T00:20:00Z,Dallas Cowboys,Green Bay Packers,DraftKings,48.0,47.5,1.94,1.91,45.82,10.5,0.4272,0.5728,0.4961,0.5039,-0.0689,0.0689,UNDER,0.0689,47.5,1.91
2025-09-07T20:26:00Z,Los Angeles Rams,Houston Texans,BetMGM,44.5,43.5,1.98,1.98,45.82,10.5,0.5689,0.4311,0.5,0.5,0.0689,-0.0689,OVER,0.0689,44.5,1.98
2025-10-05T20:25:00Z,Los Angeles Chargers,Washington Commanders,DraftKings,47.5,47.5,1.89,1.93,45.82,10.5,0.4366,0.5634,0.5052,0.4948,-0.0687,0.0687,UNDER,0.0687,47.5,1.93
2025-10-05T17:00:00Z,New York Jets,Dallas Cowboys,DraftKings,44.5,40.5,1.91,2.4,45.82,10.5,0.6242,0.3758,0.5568,0.4432,0.0674,-0.0674,OVER,0.0674,44.5,1.91
2025-10-26T17:00:00Z,Carolina Panthers,Buffalo Bills,DraftKings,47.5,47.5,1.91,1.91,45.82,10.5,0.4366,0.5634,0.5,0.5,-0.0634,0.0634,UNDER,0.0634,47.5,1.91
2025-11-04T01:15:00Z,Dallas Cowboys,Arizona Cardinals,DraftKings,47.5,47.5,1.91,1.91,45.82,10.5,0.4366,0.5634,0.5,0.5,-0.0634,0.0634,UNDER,0.0634,47.5,1.91
2025-10-31T00:15:00Z,Miami Dolphins,Baltimore Ravens,DraftKings,47.5,47.5,1.91,1.91,45.82,10.5,0.4366,0.5634,0.5,0.5,-0.0634,0.0634,UNDER,0.0634,47.5,1.91
2025-11-24T01:20:00Z,Los Angeles Rams,Tampa Bay Buccaneers,DraftKings,47.5,47.5,1.91,1.91,45.82,10.5,0.4366,0.5634,0.5,0.5,-0.0634,0.0634,UNDER,0.0634,47.5,1.91
2025-11-23T21:05:00Z,Arizona Cardinals,Jacksonville Jaguars,DraftKings,47.5,47.5,1.91,1.91,45.82,10.5,0.4366,0.5634,0.5,0.5,-0.0634,0.0634,UNDER,0.0634,47.5,1.91
2025-11-27T21:30:00Z,Dallas Cowboys,Kansas City Chiefs,DraftKings,47.5,47.5,1.91,1.91,45.82,10.5,0.4366,0.5634,0.5,0.5,-0.0634,0.0634,UNDER,0.0634,47.5,1.91
2025-12-28T18:00:00Z,Cincinnati Bengals,Arizona Cardinals,DraftKings,47.5,47.5,1.91,1.91,45.82,10.5,0.4366,0.5634,0.5,0.5,-0.0634,0.0634,UNDER,0.0634,47.5,1.91
2025-12-28T18:00:00Z,Miami Dolphins,Tampa Bay Buccaneers,DraftKings,47.5,47.5,1.91,1.91,45.82,10.5,0.4366,0.5634,0.5,0.5,-0.0634,0.0634,UNDER,0.0634,47.5,1.91
2025-12-07T21:25:00Z,Arizona Cardinals,Los Angeles Rams,DraftKings,47.5,47.5,1.91,1.91,45.82,10.5,0.4366,0.5634,0.5,0.5,-0.0634,0.0634,UNDER,0.0634,47.5,1.91
2025-11-17T01:20:00Z,Philadelphia Eagles,Detroit Lions,DraftKings,47.5,47.5,1.91,1.91,45.82,10.5,0.4366,0.5634,0.5,0.5,-0.0634,0.0634,UNDER,0.0634,47.5,1.91
2025-11-23T18:00:00Z,Cincinnati Bengals,New England Patriots,DraftKings,47.5,47.5,1.91,1.91,45.82,10.5,0.4366,0.5634,0.5,0.5,-0.0634,0.0634,UNDER,0.0634,47.5,1.91
2025-12-07T18:00:00Z,Minnesota Vikings,Washington Commanders,DraftKings,47.5,47.5,1.91,1.91,45.82,10.5,0.4366,0.5634,0.5,0.5,-0.0634,0.0634,UNDER,0.0634,47.5,1.91
2025-12-12T01:15:00Z,Tampa Bay Buccaneers,Atlanta Falcons,DraftKings,47.5,47.5,1.91,1.91,45.82,10.5,0.4366,0.5634,0.5,0.5,-0.0634,0.0634,UNDER,0.0634,47.5,1.91
2025-11-16T21:05:00Z,Arizona Cardinals,San Francisco 49ers,DraftKings,47.5,47.5,1.91,1.91,45.82,10.5,0.4366,0.5634,0.5,0.5,-0.0634,0.0634,UNDER,0.0634,47.5,1.91
2025-11-03T01:20:00Z,Washington Commanders,Seattle Seahawks,DraftKings,47.5,47.5,1.91,1.91,45.82,10.5,0.4366,0.5634,0.5,0.5,-0.0634,0.0634,UNDER,0.0634,47.5,1.91
2025-10-05T20:05:00Z,Seattle Seahawks,Tampa Bay Buccaneers,DraftKings,47.5,47.5,1.91,1.91,45.82,10.5,0.4366,0.5634,0.5,0.5,-0.0634,0.0634,UNDER,0.0634,47.5,1.91
2025-11-02T18:00:00Z,Detroit Lions,Minnesota Vikings,DraftKings,47.5,47.5,1.91,1.91,45.82,10.5,0.4366,0.5634,0.5,0.5,-0.0634,0.0634,UNDER,0.0634,47.5,1.91
2025-10-19T20:25:00Z,Arizona Cardinals,Green Bay Packers,DraftKings,47.5,47.5,1.91,1.91,45.82,10.5,0.4366,0.5634,0.5,0.5,-0.0634,0.0634,UNDER,0.0634,47.5,1.91
2025-09-16T02:00:00Z,Las Vegas Raiders,Los Angeles Chargers,DraftKings,44.5,39.0,1.91,2.75,45.82,10.5,0.651,0.349,0.5901,0.4099,0.0608,-0.0608,OVER,0.0608,44.5,1.91
2025-11-02T18:00:00Z,Pittsburgh Steelers,Indianapolis Colts,DraftKings,44.5,44.5,1.95,1.87,45.82,10.5,0.5502,0.4498,0.4895,0.5105,0.0606,-0.0606,OVER,0.0606,44.5,1.95
2025-11-16T21:25:00Z,Cleveland Browns,Baltimore Ravens,DraftKings,44.5,44.5,1.95,1.87,45.82,10.5,0.5502,0.4498,0.4895,0.5105,0.0606,-0.0606,OVER,0.0606,44.5,1.95
2025-10-05T17:00:00Z,Baltimore Ravens,Houston Texans,Nordic Bet,47.5,42.0,1.91,2.86,45.82,10.5,0.5407,0.4593,0.5996,0.4004,-0.0589,0.0589,UNDER,0.0589,42.0,2.86
2025-12-21T18:00:00Z,Carolina Panthers,Tampa Bay Buccaneers,DraftKings,47.5,47.5,1.93,1.89,45.82,10.5,0.4366,0.5634,0.4948,0.5052,-0.0582,0.0582,UNDER,0.0582,47.5,1.89
2025-10-19T13:30:00Z,Jacksonville Jaguars,Los Angeles Rams,DraftKings,47.5,47.5,1.95,1.91,45.82,10.5,0.4366,0.5634,0.4948,0.5052,-0.0582,0.0582,UNDER,0.0582,47.5,1.91
2025-10-20T00:20:00Z,San Francisco 49ers,Atlanta Falcons,888sport,47.5,47.5,1.95,1.91,45.82,10.5,0.4366,0.5634,0.4948,0.5052,-0.0582,0.0582,UNDER,0.0582,47.5,1.91
2025-12-20T20:00:00Z,Washington Commanders,Philadelphia Eagles,MyBookie.ag,47.5,47.5,1.95,1.91,45.82,10.5,0.4366,0.5634,0.4948,0.5052,-0.0582,0.0582,UNDER,0.0582,47.5,1.91
2025-10-12T17:00:00Z,Indianapolis Colts,Arizona Cardinals,DraftKings,47.5,47.5,1.93,1.89,45.82,10.5,0.4366,0.5634,0.4948,0.5052,-0.0582,0.0582,UNDER,0.0582,47.5,1.89
2025-09-30T00:15:00Z,Denver Broncos,Cincinnati Bengals,Nordic Bet,47.5,44.0,1.91,2.43,45.82,10.5,0.5028,0.4972,0.5599,0.4401,-0.0571,0.0571,UNDER,0.0571,44.0,2.43
2025-09-07T17:00:00Z,Atlanta Falcons,Tampa Bay Buccaneers,Betsson,48.0,44.5,1.98,2.33,45.82,10.5,0.4838,0.5162,0.5406,0.4594,-0.0568,0.0568,UNDER,0.0568,44.5,2.33
2025-11-30T21:25:00Z,Los Angeles Chargers,Las Vegas Raiders,DraftKings,44.5,44.5,1.93,1.89,45.82,10.5,0.5502,0.4498,0.4948,0.5052,0.0554,-0.0554,OVER,0.0554,44.5,1.93
2025-12-26T01:15:00Z,Kansas City Chiefs,Denver Broncos,DraftKings,44.5,44.5,1.95,1.91,45.82,10.5,0.5502,0.4498,0.4948,0.5052,0.0553,-0.0553,OVER,0.0553,44.5,1.95
2025-10-03T00:15:00Z,Los Angeles Rams,San Francisco 49ers,Nordic Bet,47.5,42.0,1.91,2.8,45.82,10.5,0.5407,0.4593,0.5945,0.4055,-0.0538,0.0538,UNDER,0.0538,42.0,2.8
2025-09-14T20:05:00Z,Indianapolis Colts,Denver Broncos,DraftKings,44.5,41.0,1.91,2.45,45.82,10.5,0.6151,0.3849,0.5619,0.4381,0.0532,-0.0532,OVER,0.0532,44.5,1.91
2025-09-21T20:25:00Z,San Francisco 49ers,Arizona Cardinals,Nordic Bet,47.5,44.0,1.91,2.38,45.82,10.5,0.5028,0.4972,0.5548,0.4452,-0.052,0.052,UNDER,0.052,44.0,2.38
2025-10-07T00:15:00Z,Jacksonville Jaguars,Kansas City Chiefs,DraftKings,47.5,47.5,2.0,1.91,45.82,10.5,0.4366,0.5634,0.4885,0.5115,-0.0519,0.0519,UNDER,0.0519,47.5,1.91
2025-09-29T23:15:00Z,Miami Dolphins,New York Jets,DraftKings,44.5,39.0,1.91,2.86,45.82,10.5,0.651,0.349,0.5996,0.4004,0.0514,-0.0514,OVER,0.0514,44.5,1.91
2025-10-24T00:15:00Z,Los Angeles Chargers,Minnesota Vikings,DraftKings,44.5,44.5,1.91,1.91,45.82,10.5,0.5502,0.4498,0.5,0.5,0.0502,-0.0502,OVER,0.0502,44.5,1.91
2025-09-14T17:00:00Z,New York Jets,Buffalo Bills,DraftKings,44.5,44.5,1.91,1.91,45.82,10.5,0.5502,0.4498,0.5,0.5,0.0502,-0.0502,OVER,0.0502,44.5,1.91
2025-10-12T20:05:00Z,Las Vegas Raiders,Tennessee Titans,DraftKings,44.5,44.5,1.91,1.91,45.82,10.5,0.5502,0.4498,0.5,0.5,0.0502,-0.0502,OVER,0.0502,44.5,1.91
2025-10-26T20:25:00Z,Indianapolis Colts,Tennessee Titans,DraftKings,44.5,44.5,1.91,1.91,45.82,10.5,0.5502,0.4498,0.5,0.5,0.0502,-0.0502,OVER,0.0502,44.5,1.91
2025-11-02T18:00:00Z,Tennessee Titans,Los Angeles Chargers,DraftKings,44.5,44.5,1.91,1.91,45.82,10.5,0.5502,0.4498,0.5,0.5,0.0502,-0.0502,OVER,0.0502,44.5,1.91
2025-12-21T18:00:00Z,Tennessee Titans,Kansas City Chiefs,DraftKings,44.5,44.5,1.91,1.91,45.82,10.5,0.5502,0.4498,0.5,0.5,0.0502,-0.0502,OVER,0.0502,44.5,1.91
2025-11-30T18:00:00Z,Miami Dolphins,New Orleans Saints,DraftKings,44.5,44.5,1.91,1.91,45.82,10.5,0.5502,0.4498,0.5,0.5,0.0502,-0.0502,OVER,0.0502,44.5,1.91
2025-12-14T21:25:00Z,Denver Broncos,Green Bay Packers,DraftKings,44.5,44.5,1.91,1.91,45.82,10.5,0.5502,0.4498,0.5,0.5,0.0502,-0.0502,OVER,0.0502,44.5,1.91
2025-12-14T21:25:00Z,Seattle Seahawks,Indianapolis Colts,DraftKings,44.5,44.5,1.91,1.91,45.82,10.5,0.5502,0.4498,0.5,0.5,0.0502,-0.0502,OVER,0.0502,44.5,1.91
2025-12-16T01:15:00Z,Pittsburgh Steelers,Miami Dolphins,DraftKings,44.5,44.5,1.91,1.91,45.82,10.5,0.5502,0.4498,0.5,0.5,0.0502,-0.0502,OVER,0.0502,44.5,1.91
2025-12-14T18:00:00Z,Philadelphia Eagles,Las Vegas Raiders,DraftKings,44.5,44.5,1.91,1.91,45.82,10.5,0.5502,0.4498,0.5,0.5,0.0502,-0.0502,OVER,0.0502,44.5,1.91
2025-11-23T18:00:00Z,Baltimore Ravens,New York Jets,DraftKings,44.5,44.5,1.91,1.91,45.82,10.5,0.5502,0.4498,0.5,0.5,0.0502,-0.0502,OVER,0.0502,44.5,1.91
2025-11-23T18:00:00Z,Tennessee Titans,Seattle Seahawks,DraftKings,44.5,44.5,1.91,1.91,45.82,10.5,0.5502,0.4498,0.5,0.5,0.0502,-0.0502,OVER,0.0502,44.5,1.91
2025-11-23T18:00:00Z,Chicago Bears,Pittsburgh Steelers,DraftKings,44.5,44.5,1.91,1.91,45.82,10.5,0.5502,0.4498,0.5,0.5,0.0502,-0.0502,OVER,0.0502,44.5,1.91
2025-11-30T18:00:00Z,Indianapolis Colts,Houston Texans,DraftKings,44.5,44.5,1.91,1.91,45.82,10.5,0.5502,0.4498,0.5,0.5,0.0502,-0.0502,OVER,0.0502,44.5,1.91
2026-01-04T18:00:00Z,Minnesota Vikings,Green Bay Packers,DraftKings,44.5,44.5,1.91,1.91,45.82,10.5,0.5502,0.4498,0.5,0.5,0.0502,-0.0502,OVER,0.0502,44.5,1.91
2025-12-19T01:15:00Z,Seattle Seahawks,Los Angeles Rams,DraftKings,44.5,44.5,1.91,1.91,45.82,10.5,0.5502,0.4498,0.5,0.5,0.0502,-0.0502,OVER,0.0502,44.5,1.91
2025-10-21T02:00:00Z,Seattle Seahawks,Houston Texans,DraftKings,44.5,44.5,1.91,1.91,45.82,10.5,0.5502,0.4498,0.5,0.5,0.0502,-0.0502,OVER,0.0502,44.5,1.91
2025-10-19T17:00:00Z,Chicago Bears,New Orleans Saints,DraftKings,44.5,44.5,1.91,1.91,45.82,10.5,0.5502,0.4498,0.5,0.5,0.0502,-0.0502,OVER,0.0502,44.5,1.91
2025-11-02T18:00:00Z,New York Giants,San Francisco 49ers,DraftKings,44.5,44.5,1.91,1.91,45.82,10.5,0.5502,0.4498,0.5,0.5,0.0502,-0.0502,OVER,0.0502,44.5,1.91
2025-10-19T17:00:00Z,Tennessee Titans,New England Patriots,DraftKings,44.5,44.5,1.91,1.91,45.82,10.5,0.5502,0.4498,0.5,0.5,0.0502,-0.0502,OVER,0.0502,44.5,1.91
2025-11-02T21:05:00Z,Los Angeles Rams,New Orleans Saints,DraftKings,44.5,44.5,1.91,1.91,45.82,10.5,0.5502,0.4498,0.5,0.5,0.0502,-0.0502,OVER,0.0502,44.5,1.91
2025-10-27T00:20:00Z,Pittsburgh Steelers,Green Bay Packers,DraftKings,44.5,44.5,1.91,1.91,45.82,10.5,0.5502,0.4498,0.5,0.5,0.0502,-0.0502,OVER,0.0502,44.5,1.91
2025-11-09T18:00:00Z,Minnesota Vikings,Baltimore Ravens,DraftKings,47.5,46.5,1.91,1.95,45.82,10.5,0.4554,0.5446,0.5052,0.4948,-0.0498,0.0498,UNDER,0.0498,46.5,1.95
2025-09-06T00:01:00Z,Los Angeles Chargers,Kansas City Chiefs,Pinnacle,45.5,41.5,2.04,2.4,45.82,10.5,0.5876,0.4124,0.5405,0.4595,0.047,-0.047,OVER,0.047,45.5,2.04
2025-10-05T17:00:00Z,Indianapolis Colts,Las Vegas Raiders,Nordic Bet,45.0,44.5,1.97,1.93,45.82,10.5,0.5407,0.4593,0.4949,0.5051,0.0458,-0.0458,OVER,0.0458,45.0,1.97
2025-09-07T17:01:00Z,Indianapolis Colts,Miami Dolphins,1xBet,47.5,46.5,2.0,2.0,45.82,10.5,0.4554,0.5446,0.5,0.5,-0.0446,0.0446,UNDER,0.0446,46.5,2.0
2025-09-21T20:05:00Z,Los Angeles Chargers,Denver Broncos,Nordic Bet,49.5,44.5,2.71,1.91,45.82,10.5,0.4554,0.5446,0.4134,0.5866,0.042,-0.042,OVER,0.042,49.5,2.71
2025-09-14T17:00:00Z,Baltimore Ravens,Cleveland Browns,Nordic Bet,48.5,44.5,2.5,1.91,45.82,10.5,0.4743,0.5257,0.4331,0.5669,0.0412,-0.0412,OVER,0.0412,48.5,2.5
2025-09-21T17:00:00Z,Jacksonville Jaguars,Houston Texans,DraftKings,50.5,46.5,2.43,1.91,45.82,10.5,0.3994,0.6006,0.4401,0.5599,-0.0407,0.0407,UNDER,0.0407,46.5,1.91
2026-01-04T18:00:00Z,San Francisco 49ers,Seattle Seahawks,DraftKings,44.5,44.5,1.87,1.95,45.82,10.5,0.5502,0.4498,0.5105,0.4895,0.0397,-0.0397,OVER,0.0397,44.5,1.87
2025-10-19T17:00:00Z,Minnesota Vikings,Philadelphia Eagles,DraftKings,44.5,44.5,1.87,1.95,45.82,10.5,0.5502,0.4498,0.5105,0.4895,0.0397,-0.0397,OVER,0.0397,44.5,1.87
2025-09-14T17:00:00Z,Dallas Cowboys,New York Giants,DraftKings,44.5,45.0,1.91,1.92,45.82,10.5,0.5407,0.4593,0.5013,0.4987,0.0394,-0.0394,OVER,0.0394,44.5,1.91
2025-11-09T14:30:00Z,Indianapolis Colts,Atlanta Falcons,FanDuel,45.5,44.5,1.95,1.91,45.82,10.5,0.5313,0.4687,0.4948,0.5052,0.0364,-0.0364,OVER,0.0364,45.5,1.95
2025-09-28T20:05:00Z,Los Angeles Rams,Indianapolis Colts,Nordic Bet,46.5,46.0,1.91,2.07,45.82,10.5,0.4838,0.5162,0.5201,0.4799,-0.0363,0.0363,UNDER,0.0363,46.0,2.07
2025-09-14T17:00:00Z,New Orleans Saints,San Francisco 49ers,Nordic Bet,47.0,44.5,2.18,1.91,45.82,10.5,0.5028,0.4972,0.467,0.533,0.0358,-0.0358,OVER,0.0358,47.0,2.18
2025-10-05T17:00:00Z,Carolina Panthers,Miami Dolphins,Nordic Bet,47.5,44.0,2.0,2.33,45.82,10.5,0.5028,0.4972,0.5381,0.4619,-0.0353,0.0353,UNDER,0.0353,44.0,2.33
2025-09-28T17:00:00Z,Houston Texans,Tennessee Titans,Nordic Bet,49.0,44.5,2.53,1.91,45.82,10.5,0.4648,0.5352,0.4302,0.5698,0.0347,-0.0347,OVER,0.0347,49.0,2.53
2025-11-21T01:15:00Z,Houston Texans,Buffalo Bills,DraftKings,46.5,46.5,1.91,1.95,45.82,10.5,0.4743,0.5257,0.5052,0.4948,-0.0309,0.0309,UNDER,0.0309,46.5,1.95
