game_id,commence_time,home_team,away_team,books_used,total_line,over_market_prob,under_market_prob,over_model_prob,under_model_prob,over_edge,under_edge,over_fair_odds_decimal,under_fair_odds_decimal,best_edge
f1bc532dff946d15cb85654b5c4b246e,2025-09-05 00:21:00+00:00,Philadelphia Eagles,Dallas Cowboys,9,46.0,0.5017,0.4983,0.5017,0.4983,0.0,0.0,1.993,2.007,0.0
9535d3e3ee9d9fc83ea2b500ad0b587c,2025-09-06 00:01:00+00:00,Los Angeles Chargers,Kansas City Chiefs,9,45.1,0.4983,0.5017,0.4983,0.5017,0.0,0.0,2.007,1.993,0.0
1e09eb3fe1385796c1a32000de48ac64,2025-09-07 17:00:00+00:00,Atlanta Falcons,Tampa Bay Buccaneers,9,47.8,0.4966,0.5034,0.4966,0.5034,0.0,0.0,2.014,1.986,0.0
394256a6c3d0f5ecd1208fffaae6a72f,2025-09-07 17:00:00+00:00,Jacksonville Jaguars,Carolina Panthers,9,46.2,0.4983,0.5017,0.4983,0.5017,0.0,0.0,2.007,1.993,0.0
4cce00ca468c67eca17a9a061f778fb2,2025-09-07 17:00:00+00:00,Washington Commanders,New York Giants,9,45.7,0.4988,0.5012,0.4988,0.5012,0.0,0.0,2.005,1.995,0.0
0b2455795dfcd692dd607503e4f20d04,2025-09-07 17:01:00+00:00,New England Patriots,Las Vegas Raiders,9,42.4,0.5025,0.4975,0.5025,0.4975,0.0,0.0,1.99,2.01,0.0
557d13ef8f4c1d21044f3a478cda6d0b,2025-09-07 17:01:00+00:00,New Orleans Saints,Arizona Cardinals,9,42.3,0.5035,0.4965,0.5035,0.4965,0.0,0.0,1.986,2.014,0.0
5ed483bb614b18955f8b43f177746371,2025-09-07 17:01:00+00:00,New York Jets,Pittsburgh Steelers,9,38.2,0.4947,0.5053,0.4947,0.5053,0.0,0.0,2.021,1.979,0.0
b02a72c768a6c6dee87aa74f78e84176,2025-09-07 17:01:00+00:00,Indianapolis Colts,Miami Dolphins,9,46.7,0.5057,0.4943,0.5057,0.4943,0.0,0.0,1.977,2.023,0.0
e2d3b0596efcebc1c19dab92009f5e26,2025-09-07 17:01:00+00:00,Cleveland Browns,Cincinnati Bengals,9,46.4,0.5007,0.4993,0.5007,0.4993,0.0,0.0,1.997,2.003,0.0
68397f3aa9eb847a421a49f990a11928,2025-09-07 20:06:00+00:00,Denver Broncos,Tennessee Titans,9,41.6,0.5017,0.4983,0.5017,0.4983,0.0,0.0,1.993,2.007,0.0
9f1ad249959aacae89e5e74e43429a4a,2025-09-07 20:06:00+00:00,Seattle Seahawks,San Francisco 49ers,9,45.1,0.5,0.5,0.5,0.5,0.0,0.0,2.0,2.0,0.0
8e0e2d9237098222f9ca7554b11b12bb,2025-09-07 20:26:00+00:00,Green Bay Packers,Detroit Lions,9,49.5,0.4993,0.5007,0.4993,0.5007,0.0,0.0,2.003,1.997,0.0
dc0e3db61983a138098f28226788d2d3,2025-09-07 20:26:00+00:00,Los Angeles Rams,Houston Texans,9,44.2,0.4961,0.5039,0.4961,0.5039,0.0,0.0,2.016,1.985,0.0
dee0a41ed5e8201a96d457899adbe918,2025-09-08 00:21:00+00:00,Buffalo Bills,Baltimore Ravens,9,51.8,0.4969,0.5031,0.4969,0.5031,0.0,0.0,2.013,1.987,0.0
c6d7807cee33d5e81c671527b9c8b3f1,2025-09-09 00:16:00+00:00,Chicago Bears,Minnesota Vikings,9,43.2,0.496,0.504,0.496,0.504,0.0,0.0,2.016,1.984,0.0
0c6e5d9821ce0d3e82f3e792879776a6,2025-09-12 00:15:00+00:00,Green Bay Packers,Washington Commanders,3,48.5,0.5,0.5,0.5,0.5,0.0,0.0,2.0,2.0,0.0
05a5b084f4e19535b2d3f91ef5c00169,2025-09-14 17:00:00+00:00,Dallas Cowboys,New York Giants,2,44.5,0.5,0.5,0.5,0.5,0.0,0.0,2.0,2.0,0.0
0e6f68b30237afc04d1517a193213a65,2025-09-14 17:00:00+00:00,Tennessee Titans,Los Angeles Rams,1,45.5,0.5,0.5,0.5,0.5,0.0,0.0,2.0,2.0,0.0
1ee9ea2c8256bc6be5dd92e60f6c17de,2025-09-14 17:00:00+00:00,Detroit Lions,Chicago Bears,2,48.5,0.5,0.5,0.5,0.5,0.0,0.0,2.0,2.0,0.0
553edb8bf2452482b37dde58e832a6fb,2025-09-14 17:00:00+00:00,Baltimore Ravens,Cleveland Browns,2,44.5,0.5,0.5,0.5,0.5,0.0,0.0,2.0,2.0,0.0
575c1b169aab675ec72372ccb0f4c55f,2025-09-14 17:00:00+00:00,Miami Dolphins,New England Patriots,2,45.5,0.5,0.5,0.5,0.5,0.0,0.0,2.0,2.0,0.0
82f9fd7001598d5cf9c1bdd57c66cae4,2025-09-14 17:00:00+00:00,Pittsburgh Steelers,Seattle Seahawks,1,42.5,0.5,0.5,0.5,0.5,0.0,0.0,2.0,2.0,0.0
866d7405986fb4d14897cdb6c0aa5926,2025-09-14 17:00:00+00:00,New Orleans Saints,San Francisco 49ers,1,44.5,0.5,0.5,0.5,0.5,0.0,0.0,2.0,2.0,0.0
cd0fd9335b5182d3bfed35ab8d5ab6fb,2025-09-14 17:00:00+00:00,New York Jets,Buffalo Bills,2,44.5,0.5,0.5,0.5,0.5,0.0,0.0,2.0,2.0,0.0
ec75e45d75691f810f347e0c5ff25d6e,2025-09-14 17:00:00+00:00,Cincinnati Bengals,Jacksonville Jaguars,2,49.5,0.5,0.5,0.5,0.5,0.0,0.0,2.0,2.0,0.0
7e2ad5ef04493526707e0868f7b70c47,2025-09-14 20:05:00+00:00,Arizona Cardinals,Carolina Panthers,1,46.5,0.5,0.5,0.5,0.5,0.0,0.0,2.0,2.0,0.0
e217b38ef8bc6e98d3512cb42b90782e,2025-09-14 20:05:00+00:00,Indianapolis Colts,Denver Broncos,1,44.5,0.5,0.5,0.5,0.5,0.0,0.0,2.0,2.0,0.0
bbec8d71145954cff67915c9b006bb6e,2025-09-14 20:30:00+00:00,Kansas City Chiefs,Philadelphia Eagles,5,46.3,0.4957,0.5043,0.4957,0.5043,0.0,0.0,2.017,1.983,0.0
37d09ce5d357536d0e58dd4ba0ab4106,2025-09-15 00:20:00+00:00,Minnesota Vikings,Atlanta Falcons,1,45.5,0.5,0.5,0.5,0.5,0.0,0.0,2.0,2.0,0.0
7d9a04f411031528d9c1d2df7b9a0453,2025-09-15 23:00:00+00:00,Houston Texans,Tampa Bay Buccaneers,1,46.5,0.5,0.5,0.5,0.5,0.0,0.0,2.0,2.0,0.0
bebae12f59f19bd877df7ac3cab05263,2025-09-16 02:00:00+00:00,Las Vegas Raiders,Los Angeles Chargers,1,44.5,0.5,0.5,0.5,0.5,0.0,0.0,2.0,2.0,0.0
aca5234c57e31b1931e51d2d0d6046f5,2025-09-19 00:15:00+00:00,Buffalo Bills,Miami Dolphins,1,48.5,0.5,0.5,0.5,0.5,0.0,0.0,2.0,2.0,0.0
02522f48a7b7e7524881c1b1638cd94d,2025-09-21 17:00:00+00:00,Tampa Bay Buccaneers,New York Jets,1,45.5,0.5,0.5,0.5,0.5,0.0,0.0,2.0,2.0,0.0
03a5eed2c8ef5d1c8a48866ea4b0d63a,2025-09-21 17:00:00+00:00,Washington Commanders,Las Vegas Raiders,1,47.5,0.5,0.5,0.5,0.5,0.0,0.0,2.0,2.0,0.0
4c4ae4a2d54fc3f71c450187e9391ddc,2025-09-21 17:00:00+00:00,Philadelphia Eagles,Los Angeles Rams,1,46.5,0.5,0.5,0.5,0.5,0.0,0.0,2.0,2.0,0.0
5737e4dbf6879c5061bb23033a4d8a55,2025-09-21 17:00:00+00:00,Carolina Panthers,Atlanta Falcons,1,46.5,0.5,0.5,0.5,0.5,0.0,0.0,2.0,2.0,0.0
581955d1b79fe87a3a61a4885cd7ea67,2025-09-21 17:00:00+00:00,Cleveland Browns,Green Bay Packers,1,43.5,0.4892,0.5108,0.4892,0.5108,0.0,0.0,2.044,1.958,0.0
97de7672b61dbddbce982711c121e76d,2025-09-21 17:00:00+00:00,Jacksonville Jaguars,Houston Texans,1,46.5,0.5,0.5,0.5,0.5,0.0,0.0,2.0,2.0,0.0
bb506016737825f4d0b1f9862f95c246,2025-09-21 17:00:00+00:00,Tennessee Titans,Indianapolis Colts,2,45.5,0.4946,0.5054,0.4946,0.5054,0.0,0.0,2.022,1.979,0.0
c4c42918a645b1a4773f47d7eaa5cfcf,2025-09-21 17:00:00+00:00,New England Patriots,Pittsburgh Steelers,1,43.5,0.5,0.5,0.5,0.5,0.0,0.0,2.0,2.0,0.0
eefb7f130c8fc2c129e296fe5c6ba3e3,2025-09-21 17:00:00+00:00,Minnesota Vikings,Cincinnati Bengals,1,47.5,0.5108,0.4892,0.5108,0.4892,0.0,0.0,1.958,2.044,0.0
0ee3f5a0078c21cfdffd1b97002e7da5,2025-09-21 20:05:00+00:00,Los Angeles Chargers,Denver Broncos,1,44.5,0.5,0.5,0.5,0.5,0.0,0.0,2.0,2.0,0.0
311c411c2d53e36a902763dc7a2ef678,2025-09-21 20:05:00+00:00,Seattle Seahawks,New Orleans Saints,1,43.5,0.5,0.5,0.5,0.5,0.0,0.0,2.0,2.0,0.0
186868cc79ce1f5d22075b67ebbc7b64,2025-09-21 20:25:00+00:00,Chicago Bears,Dallas Cowboys,1,47.5,0.5,0.5,0.5,0.5,0.0,0.0,2.0,2.0,0.0
20b50dac292089c063b21e1410f172ef,2025-09-21 20:25:00+00:00,San Francisco 49ers,Arizona Cardinals,2,47.5,0.5054,0.4946,0.5054,0.4946,0.0,0.0,1.979,2.022,0.0
ee840f13db8bd150fcdd8f6670fa7041,2025-09-22 00:20:00+00:00,New York Giants,Kansas City Chiefs,1,43.5,0.5,0.5,0.5,0.5,0.0,0.0,2.0,2.0,0.0
6e67ddae4bb01d1c2d3f461ee62d2666,2025-09-23 00:15:00+00:00,Baltimore Ravens,Detroit Lions,1,49.5,0.5,0.5,0.5,0.5,0.0,0.0,2.0,2.0,0.0
4a08b89f07a4a395620f6df5c1d239f4,2025-09-26 00:15:00+00:00,Arizona Cardinals,Seattle Seahawks,2,46.5,0.5,0.5,0.5,0.5,0.0,0.0,2.0,2.0,0.0
4dd631102a977fd398f7ea594ed208f2,2025-09-28 13:30:00+00:00,Pittsburgh Steelers,Minnesota Vikings,4,42.5,0.5,0.5,0.5,0.5,0.0,0.0,2.0,2.0,0.0
85c9b76cd6bd575b611cb4e8feb7a0b0,2025-09-28 17:00:00+00:00,Houston Texans,Tennessee Titans,2,44.5,0.5,0.5,0.5,0.5,0.0,0.0,2.0,2.0,0.0
894976986c24d52cf1d45f0e6bb0e90c,2025-09-28 17:00:00+00:00,Tampa Bay Buccaneers,Philadelphia Eagles,1,48.5,0.5,0.5,0.5,0.5,0.0,0.0,2.0,2.0,0.0
b7934d72587b62de0f563ac9acbaa770,2025-09-28 17:00:00+00:00,Atlanta Falcons,Washington Commanders,1,48.5,0.5108,0.4892,0.5108,0.4892,0.0,0.0,1.958,2.044,0.0
bcb1f89cf378a586097c50585e53acce,2025-09-28 17:00:00+00:00,Detroit Lions,Cleveland Browns,1,45.5,0.5,0.5,0.5,0.5,0.0,0.0,2.0,2.0,0.0
d16a43752aaac66e9ff8768d8590b662,2025-09-28 17:00:00+00:00,Buffalo Bills,New Orleans Saints,1,46.5,0.5,0.5,0.5,0.5,0.0,0.0,2.0,2.0,0.0
d921b1e86b0a30ad91000ffc360d302d,2025-09-28 17:00:00+00:00,New York Giants,Los Angeles Chargers,1,43.5,0.5,0.5,0.5,0.5,0.0,0.0,2.0,2.0,0.0
f8fe40924827231233dc10f6999d8ff7,2025-09-28 17:00:00+00:00,New England Patriots,Carolina Panthers,1,45.5,0.5,0.5,0.5,0.5,0.0,0.0,2.0,2.0,0.0
09f55b4a19a83eb951a9400a11123477,2025-09-28 20:05:00+00:00,San Francisco 49ers,Jacksonville Jaguars,1,48.5,0.5,0.5,0.5,0.5,0.0,0.0,2.0,2.0,0.0
d90e0de2d5fa2d57e8812f31775ad0ba,2025-09-28 20:05:00+00:00,Los Angeles Rams,Indianapolis Colts,1,46.5,0.5,0.5,0.5,0.5,0.0,0.0,2.0,2.0,0.0
051233db287b02fd3e7574955879ece2,2025-09-28 20:25:00+00:00,Kansas City Chiefs,Baltimore Ravens,2,48.5,0.5022,0.4978,0.5022,0.4978,0.0,-0.0,1.991,2.009,-0.0
af6fbb0a2e996613bc393115276c60e2,2025-09-28 20:25:00+00:00,Las Vegas Raiders,Chicago Bears,1,45.5,0.5,0.5,0.5,0.5,0.0,0.0,2.0,2.0,0.0
de432abcc3bd8d42a582ae9f71388dcd,2025-09-29 00:20:00+00:00,Dallas Cowboys,Green Bay Packers,1,47.5,0.5,0.5,0.5,0.5,0.0,0.0,2.0,2.0,0.0
bc76fb8d846588ed46297aaab4e83de9,2025-09-29 23:15:00+00:00,Miami Dolphins,New York Jets,2,44.5,0.5,0.5,0.5,0.5,0.0,0.0,2.0,2.0,0.0
8dcb2a6bf542ccb7e6bc58f83c8fc2ac,2025-09-30 00:15:00+00:00,Denver Broncos,Cincinnati Bengals,1,47.5,0.5043,0.4957,0.5043,0.4957,0.0,0.0,1.983,2.017,0.0
c4b72eabb3d557e73022ec730d8e3944,2025-10-03 00:15:00+00:00,Los Angeles Rams,San Francisco 49ers,2,47.5,0.5,0.5,0.5,0.5,0.0,0.0,2.0,2.0,0.0
6e206c7bc9379b07d27298a393305384,2025-10-05 13:30:00+00:00,Cleveland Browns,Minnesota Vikings,4,41.2,0.5,0.5,0.5,0.5,0.0,0.0,2.0,2.0,0.0
1e3d3526039030b96471845ade5992cf,2025-10-05 17:00:00+00:00,Indianapolis Colts,Las Vegas Raiders,1,44.5,0.5043,0.4957,0.5043,0.4957,0.0,0.0,1.983,2.017,0.0
1fe136913ef0e77717c0f0668163637f,2025-10-05 17:00:00+00:00,New Orleans Saints,New York Giants,1,42.5,0.5,0.5,0.5,0.5,0.0,0.0,2.0,2.0,0.0
6eb8eeff6a052455649ddd2a50e0a188,2025-10-05 17:00:00+00:00,Baltimore Ravens,Houston Texans,1,47.5,0.5,0.5,0.5,0.5,0.0,0.0,2.0,2.0,0.0
bc4f9a719baf61261befad75f4bdb539,2025-10-05 17:00:00+00:00,Philadelphia Eagles,Denver Broncos,1,45.5,0.5,0.5,0.5,0.5,0.0,0.0,2.0,2.0,0.0
df7e32f3c6cfaaa66de560906faabe32,2025-10-05 17:00:00+00:00,New York Jets,Dallas Cowboys,1,44.5,0.5,0.5,0.5,0.5,0.0,0.0,2.0,2.0,0.0
ff8222149317a63ffe50fcda777d14c0,2025-10-05 17:00:00+00:00,Carolina Panthers,Miami Dolphins,1,46.5,0.5,0.5,0.5,0.5,0.0,0.0,2.0,2.0,0.0
6f5a22a3ca33478094cef1e9212ba0fc,2025-10-05 20:05:00+00:00,Seattle Seahawks,Tampa Bay Buccaneers,1,47.5,0.5,0.5,0.5,0.5,0.0,0.0,2.0,2.0,0.0
8fa3fd86eaa7b432469d43b84904e1dc,2025-10-05 20:05:00+00:00,Arizona Cardinals,Tennessee Titans,1,46.5,0.5,0.5,0.5,0.5,0.0,0.0,2.0,2.0,0.0
79c4e9f40e2647dc2a7b377cf61c48cd,2025-10-05 20:25:00+00:00,Los Angeles Chargers,Washington Commanders,1,47.5,0.5043,0.4957,0.5043,0.4957,0.0,0.0,1.983,2.017,0.0
e9de9c4390a28a90f437760050b23531,2025-10-05 20:25:00+00:00,Cincinnati Bengals,Detroit Lions,1,50.5,0.5,0.5,0.5,0.5,0.0,0.0,2.0,2.0,0.0
ba826e757d625a676452b8d3d6971bb0,2025-10-06 00:20:00+00:00,Buffalo Bills,New England Patriots,2,46.5,0.5,0.5,0.5,0.5,0.0,0.0,2.0,2.0,0.0
1910db6879dddf37e4f86f0bcf1c9547,2025-10-07 00:15:00+00:00,Jacksonville Jaguars,Kansas City Chiefs,1,47.5,0.5,0.5,0.5,0.5,0.0,0.0,2.0,2.0,0.0
e10fe83ee6178a598e7fa84ea0913366,2025-10-10 00:15:00+00:00,New York Giants,Philadelphia Eagles,2,43.5,0.5,0.5,0.5,0.5,0.0,0.0,2.0,2.0,0.0
e34812ee7fbf13bd75e4298bccfbdd10,2025-10-12 13:30:00+00:00,New York Jets,Denver Broncos,4,42.2,0.4989,0.5011,0.4989,0.5011,0.0,0.0,2.004,1.996,0.0
9e705d669039f2ca8364f408b7792a8a,2025-10-12 17:00:00+00:00,Tampa Bay Buccaneers,San Francisco 49ers,1,48.5,0.5108,0.4892,0.5108,0.4892,0.0,0.0,1.958,2.044,0.0
a11bbccb332241029ebaeb519b93b776,2025-10-12 17:00:00+00:00,Pittsburgh Steelers,Cleveland Browns,2,42.0,0.5,0.5,0.5,0.5,0.0,0.0,2.0,2.0,0.0
a7211a87bbd5fb2ee473eb9c93ee2e68,2025-10-12 17:00:00+00:00,Miami Dolphins,Los Angeles Chargers,1,45.5,0.5,0.5,0.5,0.5,0.0,0.0,2.0,2.0,0.0
b235bc78609644cb28492cc1d6ad69fd,2025-10-12 17:00:00+00:00,Baltimore Ravens,Los Angeles Rams,1,48.5,0.5,0.5,0.5,0.5,0.0,0.0,2.0,2.0,0.0
dd3a14fa1529e79bd338a7bfd71d5b3a,2025-10-12 17:00:00+00:00,Carolina Panthers,Dallas Cowboys,1,46.5,0.5,0.5,0.5,0.5,0.0,0.0,2.0,2.0,0.0
dfa87b0532de1389297103c2e3195347,2025-10-12 17:00:00+00:00,Indianapolis Colts,Arizona Cardinals,1,47.5,0.4957,0.5043,0.4957,0.5043,0.0,0.0,2.017,1.983,0.0
e5dd1fed586cfc0ec2d7c06f2a02c37a,2025-10-12 17:00:00+00:00,Jacksonville Jaguars,Seattle Seahawks,1,46.5,0.5,0.5,0.5,0.5,0.0,0.0,2.0,2.0,0.0
4963bff460a5f26cab46a8e5ea6db148,2025-10-12 20:05:00+00:00,Las Vegas Raiders,Tennessee Titans,1,44.5,0.5,0.5,0.5,0.5,0.0,0.0,2.0,2.0,0.0
0c85b0939650e29689bb2651b33522eb,2025-10-12 20:25:00+00:00,Green Bay Packers,Cincinnati Bengals,1,48.5,0.5108,0.4892,0.5108,0.4892,0.0,0.0,1.958,2.044,0.0
f2c642e1f95555424b9a9a4f03733b42,2025-10-12 20:25:00+00:00,New Orleans Saints,New England Patriots,1,43.5,0.5,0.5,0.5,0.5,0.0,0.0,2.0,2.0,0.0
82e432d5d8bc0b5a6cbe0c324de90de3,2025-10-13 00:20:00+00:00,Kansas City Chiefs,Detroit Lions,2,48.5,0.5,0.5,0.5,0.5,0.0,0.0,2.0,2.0,0.0
33e0adf378d2856ffe5f8452e7d5512d,2025-10-13 23:15:00+00:00,Atlanta Falcons,Buffalo Bills,1,48.5,0.5,0.5,0.5,0.5,0.0,0.0,2.0,2.0,0.0
38366aa83a3eb6cef71a1134c4fceb2c,2025-10-14 00:15:00+00:00,Washington Commanders,Chicago Bears,1,48.5,0.5,0.5,0.5,0.5,0.0,0.0,2.0,2.0,0.0
6076f9eab496770efc0ab7095b27c122,2025-10-17 00:15:00+00:00,Cincinnati Bengals,Pittsburgh Steelers,2,46.5,0.5,0.5,0.5,0.5,0.0,0.0,2.0,2.0,0.0
79de65f1b97c9145ebdcb019eb486500,2025-10-19 13:30:00+00:00,Jacksonville Jaguars,Los Angeles Rams,5,47.5,0.4978,0.5022,0.4978,0.5022,0.0,0.0,2.009,1.991,0.0
3127c0dd6ed51a44354af51791bc3e5a,2025-10-19 17:00:00+00:00,Kansas City Chiefs,Las Vegas Raiders,2,45.5,0.5,0.5,0.5,0.5,0.0,0.0,2.0,2.0,0.0
6a8d2daf7f75100d02656bc0217737e8,2025-10-19 17:00:00+00:00,Minnesota Vikings,Philadelphia Eagles,1,44.5,0.5108,0.4892,0.5108,0.4892,0.0,0.0,1.958,2.044,0.0
8f06a4b503cc7309cb0df4a8b67f9930,2025-10-19 17:00:00+00:00,Chicago Bears,New Orleans Saints,1,44.5,0.5,0.5,0.5,0.5,0.0,0.0,2.0,2.0,0.0
ba4e8bfa1f4eeaa74c7b09f409361c0d,2025-10-19 17:00:00+00:00,New York Jets,Carolina Panthers,1,43.5,0.5,0.5,0.5,0.5,0.0,0.0,2.0,2.0,0.0
f0336c9a3749716250afba387d157377,2025-10-19 17:00:00+00:00,Cleveland Browns,Miami Dolphins,1,43.5,0.5,0.5,0.5,0.5,0.0,0.0,2.0,2.0,0.0
f7fa9341eeffb08f7e6e769398cd32e2,2025-10-19 17:00:00+00:00,Tennessee Titans,New England Patriots,1,44.5,0.5,0.5,0.5,0.5,0.0,0.0,2.0,2.0,0.0
3be866344dfa050e602a6e69170b3cbe,2025-10-19 20:05:00+00:00,Denver Broncos,New York Giants,1,42.5,0.5,0.5,0.5,0.5,0.0,0.0,2.0,2.0,0.0
a0ad5501e9d1d2ee9f61d9f293374f17,2025-10-19 20:05:00+00:00,Los Angeles Chargers,Indianapolis Colts,1,45.5,0.5,0.5,0.5,0.5,0.0,0.0,2.0,2.0,0.0
1036171316ac51350b388c99e000cfc1,2025-10-19 20:25:00+00:00,Arizona Cardinals,Green Bay Packers,1,47.5,0.5,0.5,0.5,0.5,0.0,0.0,2.0,2.0,0.0
ff0c1ce30d562926ce40fc9bbaa2b7b1,2025-10-19 20:25:00+00:00,Dallas Cowboys,Washington Commanders,2,48.5,0.5054,0.4946,0.5054,0.4946,0.0,0.0,1.979,2.022,0.0
7b2ded52498efcf97a08ef10ee99b0f3,2025-10-20 00:20:00+00:00,San Francisco 49ers,Atlanta Falcons,1,47.5,0.4892,0.5108,0.4892,0.5108,0.0,0.0,2.044,1.958,0.0
b808059d3ccc754ace4a3d23b58e47e8,2025-10-20 23:00:00+00:00,Detroit Lions,Tampa Bay Buccaneers,1,49.5,0.5,0.5,0.5,0.5,0.0,0.0,2.0,2.0,0.0
7ca953ab786f70b22cabbe4946d330fa,2025-10-21 02:00:00+00:00,Seattle Seahawks,Houston Texans,1,44.5,0.5,0.5,0.5,0.5,0.0,0.0,2.0,2.0,0.0
6439b16f4a038f1c351dc3f1aef27471,2025-10-24 00:15:00+00:00,Los Angeles Chargers,Minnesota Vikings,1,44.5,0.5,0.5,0.5,0.5,0.0,0.0,2.0,2.0,0.0
3536a3e857050d2dd6e2019ceb668f67,2025-10-26 17:00:00+00:00,New England Patriots,Cleveland Browns,1,42.5,0.4957,0.5043,0.4957,0.5043,0.0,0.0,2.017,1.983,0.0
53d4369464c66630f03a5d128cd39b08,2025-10-26 17:00:00+00:00,Carolina Panthers,Buffalo Bills,1,47.5,0.5,0.5,0.5,0.5,0.0,0.0,2.0,2.0,0.0
9c1f73e48ca9750f6e7d5d64874057c2,2025-10-26 17:00:00+00:00,Cincinnati Bengals,New York Jets,1,45.5,0.5,0.5,0.5,0.5,0.0,0.0,2.0,2.0,0.0
a061e80d1f50eab193b34d19f8e59f62,2025-10-26 17:00:00+00:00,Baltimore Ravens,Chicago Bears,1,48.5,0.5,0.5,0.5,0.5,0.0,0.0,2.0,2.0,0.0
a8ebe01e05675c109b53a97f653f8653,2025-10-26 17:00:00+00:00,Philadelphia Eagles,New York Giants,2,43.5,0.5,0.5,0.5,0.5,0.0,0.0,2.0,2.0,0.0
abc4104a9ac597ce37d703613256fd6c,2025-10-26 17:00:00+00:00,Houston Texans,San Francisco 49ers,1,45.5,0.5108,0.4892,0.5108,0.4892,0.0,0.0,1.958,2.044,0.0
ac02b1b59aa0623845378a02bc530c68,2025-10-26 17:00:00+00:00,Atlanta Falcons,Miami Dolphins,1,46.5,0.5,0.5,0.5,0.5,0.0,0.0,2.0,2.0,0.0
a8dd9bb0681692540d067bd0e9e66989,2025-10-26 20:05:00+00:00,New Orleans Saints,Tampa Bay Buccaneers,2,45.5,0.5022,0.4978,0.5022,0.4978,0.0,-0.0,1.991,2.009,-0.0
40c2ebd9ddd5ce8ff5b1ada730bb1785,2025-10-26 20:25:00+00:00,Denver Broncos,Dallas Cowboys,1,45.5,0.5,0.5,0.5,0.5,0.0,0.0,2.0,2.0,0.0
88187a33b007c088d75c6cd14c83086c,2025-10-26 20:25:00+00:00,Indianapolis Colts,Tennessee Titans,2,44.5,0.5,0.5,0.5,0.5,0.0,0.0,2.0,2.0,0.0
fb900eef07307ebf5c1930341ecd852a,2025-10-27 00:20:00+00:00,Pittsburgh Steelers,Green Bay Packers,1,44.5,0.5,0.5,0.5,0.5,0.0,0.0,2.0,2.0,0.0
7e3361e84d5223a8d210a887b249f247,2025-10-28 00:15:00+00:00,Kansas City Chiefs,Washington Commanders,1,48.5,0.5,0.5,0.5,0.5,0.0,0.0,2.0,2.0,0.0
677dbbb6ad96fc5f5b36bb20b43139dd,2025-10-31 00:15:00+00:00,Miami Dolphins,Baltimore Ravens,1,47.5,0.5,0.5,0.5,0.5,0.0,0.0,2.0,2.0,0.0
016f76d8237e8d4eb62b9c2ef68381bb,2025-11-02 18:00:00+00:00,Cincinnati Bengals,Chicago Bears,1,48.5,0.5,0.5,0.5,0.5,0.0,0.0,2.0,2.0,0.0
2340a6e0794d5688996dcf8aaf634742,2025-11-02 18:00:00+00:00,Pittsburgh Steelers,Indianapolis Colts,1,44.5,0.4892,0.5108,0.4892,0.5108,0.0,0.0,2.044,1.958,0.0
6031b513e188fc19a2311499566c9258,2025-11-02 18:00:00+00:00,Green Bay Packers,Carolina Panthers,1,45.5,0.5,0.5,0.5,0.5,0.0,0.0,2.0,2.0,0.0
6dd3b8a705ed0db85d59fa19b9062cc8,2025-11-02 18:00:00+00:00,New England Patriots,Atlanta Falcons,1,44.5,0.5108,0.4892,0.5108,0.4892,0.0,0.0,1.958,2.044,0.0
72e2ce6652bbb3901f60b38bec05bf5f,2025-11-02 18:00:00+00:00,Houston Texans,Denver Broncos,1,45.5,0.5,0.5,0.5,0.5,0.0,0.0,2.0,2.0,0.0
a788e7cebff4b5fe10034710090e4529,2025-11-02 18:00:00+00:00,New York Giants,San Francisco 49ers,1,44.5,0.5,0.5,0.5,0.5,0.0,0.0,2.0,2.0,0.0
b60025aea576e2e89ef7bc7303f847ec,2025-11-02 18:00:00+00:00,Tennessee Titans,Los Angeles Chargers,1,44.5,0.5,0.5,0.5,0.5,0.0,0.0,2.0,2.0,0.0
cf95657d78ab3e515203df1d19c3b0c2,2025-11-02 18:00:00+00:00,Detroit Lions,Minnesota Vikings,2,47.5,0.5,0.5,0.5,0.5,0.0,0.0,2.0,2.0,0.0
b08df670a95f1809707b335dc75081c6,2025-11-02 21:05:00+00:00,Los Angeles Rams,New Orleans Saints,1,44.5,0.5,0.5,0.5,0.5,0.0,0.0,2.0,2.0,0.0
d0bf341e7959d69b55f1a8ff09065234,2025-11-02 21:05:00+00:00,Las Vegas Raiders,Jacksonville Jaguars,1,45.5,0.5,0.5,0.5,0.5,0.0,0.0,2.0,2.0,0.0
61531628516decd1ee8116da5f6f9056,2025-11-02 21:25:00+00:00,Buffalo Bills,Kansas City Chiefs,2,48.5,0.5,0.5,0.5,0.5,0.0,0.0,2.0,2.0,0.0
c2fd8a23091a954fb21ff6d3537db826,2025-11-03 01:20:00+00:00,Washington Commanders,Seattle Seahawks,1,47.5,0.5,0.5,0.5,0.5,0.0,0.0,2.0,2.0,0.0
f3dfb574e0a542375a480534525ee6cf,2025-11-04 01:15:00+00:00,Dallas Cowboys,Arizona Cardinals,1,47.5,0.5,0.5,0.5,0.5,0.0,0.0,2.0,2.0,0.0
13bdffda97e8fb13179fe3f2f69d66f8,2025-11-07 01:15:00+00:00,Denver Broncos,Las Vegas Raiders,2,43.5,0.5,0.5,0.5,0.5,0.0,0.0,2.0,2.0,0.0
42473c1ddf8f424069ff3f264dd8dca4,2025-11-09 14:30:00+00:00,Indianapolis Colts,Atlanta Falcons,4,45.0,0.4946,0.5054,0.4946,0.5054,0.0,0.0,2.022,1.979,0.0
21f47a328fb2ab65c01360a7a2bd9571,2025-11-09 18:00:00+00:00,Carolina Panthers,New Orleans Saints,2,43.5,0.5,0.5,0.5,0.5,0.0,0.0,2.0,2.0,0.0
39e7c1f6e36d5bc4d2613ebf7bb83c10,2025-11-09 18:00:00+00:00,Tampa Bay Buccaneers,New England Patriots,1,46.5,0.5,0.5,0.5,0.5,0.0,0.0,2.0,2.0,0.0
3b1a97366685a96e6e1940ae56cc4d31,2025-11-09 18:00:00+00:00,Chicago Bears,New York Giants,1,43.5,0.5,0.5,0.5,0.5,0.0,0.0,2.0,2.0,0.0
3c10bc18680995136017c3bfd3152334,2025-11-09 18:00:00+00:00,Miami Dolphins,Buffalo Bills,2,48.5,0.4946,0.5054,0.4946,0.5054,0.0,0.0,2.022,1.979,0.0
844b89333f293f055f8e0c147fb9fec5,2025-11-09 18:00:00+00:00,New York Jets,Cleveland Browns,1,40.5,0.5,0.5,0.5,0.5,0.0,0.0,2.0,2.0,0.0
9900b89c4776c5b47dd26ca4c755edf9,2025-11-09 18:00:00+00:00,Minnesota Vikings,Baltimore Ravens,1,46.5,0.5108,0.4892,0.5108,0.4892,0.0,0.0,1.958,2.044,0.0
9dbf94f23521c7cae7fd89b2d33fc3bd,2025-11-09 18:00:00+00:00,Houston Texans,Jacksonville Jaguars,2,45.5,0.5,0.5,0.5,0.5,0.0,0.0,2.0,2.0,0.0
740b843794cc89176c4ffe38b66d30d9,2025-11-09 21:05:00+00:00,Seattle Seahawks,Arizona Cardinals,1,45.5,0.5,0.5,0.5,0.5,0.0,0.0,2.0,2.0,0.0
2710103fe4fb0170ae03b4e34bde8132,2025-11-09 21:25:00+00:00,San Francisco 49ers,Los Angeles Rams,1,46.5,0.5,0.5,0.5,0.5,0.0,0.0,2.0,2.0,0.0
93365f943b3aa23705bc9e1c7b47d7f8,2025-11-09 21:25:00+00:00,Washington Commanders,Detroit Lions,1,49.5,0.5108,0.4892,0.5108,0.4892,0.0,0.0,1.958,2.044,0.0
349d53a4f89591312ea528e81b786474,2025-11-10 01:20:00+00:00,Los Angeles Chargers,Pittsburgh Steelers,1,43.5,0.5,0.5,0.5,0.5,0.0,0.0,2.0,2.0,0.0
438868ff90501a1fe9a0fbecbee9dc12,2025-11-11 01:15:00+00:00,Green Bay Packers,Philadelphia Eagles,3,45.5,0.5,0.5,0.5,0.5,0.0,0.0,2.0,2.0,0.0
32ec2bd4ac9e4c40f9f5cbed7e67f837,2025-11-14 01:15:00+00:00,New England Patriots,New York Jets,1,42.5,0.5,0.5,0.5,0.5,0.0,0.0,2.0,2.0,0.0
265f0188945bb81ec64751571eb724cb,2025-11-16 14:30:00+00:00,Miami Dolphins,Washington Commanders,3,48.8,0.5,0.5,0.5,0.5,0.0,0.0,2.0,2.0,0.0
0ae85bbc3711ad0cb94475a40e2364f0,2025-11-16 18:00:00+00:00,Atlanta Falcons,Carolina Panthers,1,45.5,0.5,0.5,0.5,0.5,0.0,0.0,2.0,2.0,0.0
229a5e9ce60dcb344a8cc3c97121154e,2025-11-16 18:00:00+00:00,Minnesota Vikings,Chicago Bears,1,45.5,0.5,0.5,0.5,0.5,0.0,0.0,2.0,2.0,0.0
591fd7cff37201a14cbdfbd457592445,2025-11-16 18:00:00+00:00,Jacksonville Jaguars,Los Angeles Chargers,1,46.5,0.5,0.5,0.5,0.5,0.0,0.0,2.0,2.0,0.0
5c06e82838fcfade9adf1e89b8bd3081,2025-11-16 18:00:00+00:00,New York Giants,Green Bay Packers,1,43.5,0.5,0.5,0.5,0.5,0.0,0.0,2.0,2.0,0.0
7147476b5d96c0ee874b838de3910ee3,2025-11-16 18:00:00+00:00,Pittsburgh Steelers,Cincinnati Bengals,1,46.5,0.5,0.5,0.5,0.5,0.0,0.0,2.0,2.0,0.0
96377d2fb55e3cef733cecccdecaed5f,2025-11-16 18:00:00+00:00,Buffalo Bills,Tampa Bay Buccaneers,1,49.5,0.5,0.5,0.5,0.5,0.0,0.0,2.0,2.0,0.0
fd2f29289d6437a7c07d4780c5f04936,2025-11-16 18:00:00+00:00,Tennessee Titans,Houston Texans,1,43.5,0.5,0.5,0.5,0.5,0.0,0.0,2.0,2.0,0.0
91630b9c62640117918fa30d2a62d2db,2025-11-16 21:05:00+00:00,Arizona Cardinals,San Francisco 49ers,1,47.5,0.5,0.5,0.5,0.5,0.0,0.0,2.0,2.0,0.0
e926e654cedeb65fcfcc389a5158ef4e,2025-11-16 21:05:00+00:00,Los Angeles Rams,Seattle Seahawks,1,45.5,0.5,0.5,0.5,0.5,0.0,0.0,2.0,2.0,0.0
96ce7785b0980b03282c7e10d4c58d4a,2025-11-16 21:25:00+00:00,Denver Broncos,Kansas City Chiefs,1,45.5,0.5,0.5,0.5,0.5,0.0,0.0,2.0,2.0,0.0
cc60225b5a907bd9ba7c27c23131fc5c,2025-11-16 21:25:00+00:00,Cleveland Browns,Baltimore Ravens,1,44.5,0.4892,0.5108,0.4892,0.5108,0.0,0.0,2.044,1.958,0.0
6d209e0e637f3b116ec958e0634f2a02,2025-11-17 01:20:00+00:00,Philadelphia Eagles,Detroit Lions,1,47.5,0.5,0.5,0.5,0.5,0.0,0.0,2.0,2.0,0.0
80d04ba917883a6438580ebae9fb0f22,2025-11-18 01:15:00+00:00,Las Vegas Raiders,Dallas Cowboys,1,45.5,0.5,0.5,0.5,0.5,0.0,0.0,2.0,2.0,0.0
cd2e0964817c30ad3f5144ea49b55f2b,2025-11-21 01:15:00+00:00,Houston Texans,Buffalo Bills,1,46.5,0.5108,0.4892,0.5108,0.4892,0.0,0.0,1.958,2.044,0.0
0ff4e68cf39cc57ca7cf1276e4a44d2f,2025-11-23 18:00:00+00:00,Tennessee Titans,Seattle Seahawks,1,44.5,0.5,0.5,0.5,0.5,0.0,0.0,2.0,2.0,0.0
1a8f3d70399a5cad83c95196795ed77b,2025-11-23 18:00:00+00:00,Cincinnati Bengals,New England Patriots,1,47.5,0.5,0.5,0.5,0.5,0.0,0.0,2.0,2.0,0.0
535bbe97d4e56494b039ade88459c338,2025-11-23 18:00:00+00:00,Detroit Lions,New York Giants,1,45.5,0.5,0.5,0.5,0.5,0.0,0.0,2.0,2.0,0.0
7159d60c7a31c7d593167637723d7663,2025-11-23 18:00:00+00:00,Baltimore Ravens,New York Jets,1,44.5,0.5,0.5,0.5,0.5,0.0,0.0,2.0,2.0,0.0
8b39d8dc550ced94f9faa91878ebf6b6,2025-11-23 18:00:00+00:00,Kansas City Chiefs,Indianapolis Colts,1,45.5,0.5,0.5,0.5,0.5,0.0,0.0,2.0,2.0,0.0
91019a528f43cd28965fdc68a3f3ef85,2025-11-23 18:00:00+00:00,Green Bay Packers,Minnesota Vikings,1,45.5,0.5,0.5,0.5,0.5,0.0,0.0,2.0,2.0,0.0
c8913b70b63ae247f23a4e1dec08c668,2025-11-23 18:00:00+00:00,Chicago Bears,Pittsburgh Steelers,1,44.5,0.5,0.5,0.5,0.5,0.0,0.0,2.0,2.0,0.0
27f50ddbc4c3fbad10398c5187a28dc7,2025-11-23 21:05:00+00:00,Las Vegas Raiders,Cleveland Browns,1,41.5,0.5043,0.4957,0.5043,0.4957,0.0,0.0,1.983,2.017,0.0
e32e0030899c06fdf2c74745ca27d85a,2025-11-23 21:05:00+00:00,Arizona Cardinals,Jacksonville Jaguars,1,47.5,0.5,0.5,0.5,0.5,0.0,0.0,2.0,2.0,0.0
4553ba763cb3cfcfc33fd62672a2057f,2025-11-23 21:25:00+00:00,Dallas Cowboys,Philadelphia Eagles,1,46.5,0.5,0.5,0.5,0.5,0.0,0.0,2.0,2.0,0.0
8c2d6a56aa63f42227f18a18fc3d2146,2025-11-23 21:25:00+00:00,New Orleans Saints,Atlanta Falcons,1,43.5,0.5,0.5,0.5,0.5,0.0,0.0,2.0,2.0,0.0
9e7119f5a24471c39145663b84f100b2,2025-11-24 01:20:00+00:00,Los Angeles Rams,Tampa Bay Buccaneers,1,47.5,0.5,0.5,0.5,0.5,0.0,0.0,2.0,2.0,0.0
90391be251d876bb41d36978a43c7ac2,2025-11-25 01:15:00+00:00,San Francisco 49ers,Carolina Panthers,1,46.5,0.5,0.5,0.5,0.5,0.0,0.0,2.0,2.0,0.0
fe2eb07797580740af78037ab498198e,2025-11-27 18:00:00+00:00,Detroit Lions,Green Bay Packers,1,48.5,0.5,0.5,0.5,0.5,0.0,0.0,2.0,2.0,0.0
de53b8a594fe830c5fd56484705cd756,2025-11-27 21:30:00+00:00,Dallas Cowboys,Kansas City Chiefs,3,47.5,0.5,0.5,0.5,0.5,0.0,0.0,2.0,2.0,0.0
883a79a306b312fad75ebf04b441b4da,2025-11-28 01:20:00+00:00,Baltimore Ravens,Cincinnati Bengals,1,49.5,0.5,0.5,0.5,0.5,0.0,0.0,2.0,2.0,0.0
52f539d9d080618aa8830a0b03846a80,2025-11-28 20:00:00+00:00,Philadelphia Eagles,Chicago Bears,3,46.2,0.5,0.5,0.5,0.5,0.0,0.0,2.0,2.0,0.0
36fcf5ca155a5dcd2f7a87fd2a985b02,2025-11-30 18:00:00+00:00,Cleveland Browns,San Francisco 49ers,1,42.5,0.5,0.5,0.5,0.5,0.0,0.0,2.0,2.0,0.0
61e1e459b2ddafd43e8808d4f40c01d9,2025-11-30 18:00:00+00:00,Tennessee Titans,Jacksonville Jaguars,1,45.5,0.5,0.5,0.5,0.5,0.0,0.0,2.0,2.0,0.0
67e51d17848485bed8737bd7043a275a,2025-11-30 18:00:00+00:00,Carolina Panthers,Los Angeles Rams,1,45.5,0.5,0.5,0.5,0.5,0.0,0.0,2.0,2.0,0.0
9da608f5bdae527b280abd61e47a110b,2025-11-30 18:00:00+00:00,New York Jets,Atlanta Falcons,1,43.5,0.5,0.5,0.5,0.5,0.0,0.0,2.0,2.0,0.0
c0d324e29ce58b36bdc77564f7aae56f,2025-11-30 18:00:00+00:00,Tampa Bay Buccaneers,Arizona Cardinals,1,48.5,0.5,0.5,0.5,0.5,0.0,0.0,2.0,2.0,0.0
e3c9bfba57bbe784481d881ea3b4519d,2025-11-30 18:00:00+00:00,Miami Dolphins,New Orleans Saints,1,44.5,0.5,0.5,0.5,0.5,0.0,0.0,2.0,2.0,0.0
fa46c661007f5f0cbbf6abf939ac9d51,2025-11-30 18:00:00+00:00,Indianapolis Colts,Houston Texans,1,44.5,0.5,0.5,0.5,0.5,0.0,0.0,2.0,2.0,0.0
6f956074c4df48e7b07a3286a6c6ed2a,2025-11-30 21:05:00+00:00,Seattle Seahawks,Minnesota Vikings,1,43.5,0.5,0.5,0.5,0.5,0.0,0.0,2.0,2.0,0.0
365a766a3862bc47a5455dc3b097421e,2025-11-30 21:25:00+00:00,Pittsburgh Steelers,Buffalo Bills,1,46.5,0.5,0.5,0.5,0.5,0.0,0.0,2.0,2.0,0.0
76ac5a8d2c8679ae6ea8861114791bd8,2025-11-30 21:25:00+00:00,Los Angeles Chargers,Las Vegas Raiders,1,44.5,0.4957,0.5043,0.4957,0.5043,0.0,0.0,2.017,1.983,0.0
9c040de8f1dfc3ddee20e0d65c9402de,2025-12-01 01:20:00+00:00,Washington Commanders,Denver Broncos,1,46.5,0.5,0.5,0.5,0.5,0.0,0.0,2.0,2.0,0.0
3e65786eddd4c7aee9e7f2504f6fdedc,2025-12-02 01:15:00+00:00,New England Patriots,New York Giants,1,42.5,0.5,0.5,0.5,0.5,0.0,0.0,2.0,2.0,0.0
81db991c5b34169eeeff8d734d8836d9,2025-12-05 01:15:00+00:00,Detroit Lions,Dallas Cowboys,1,48.5,0.5,0.5,0.5,0.5,0.0,0.0,2.0,2.0,0.0
15555b4c7283dc6553e011dd6c8aea8d,2025-12-07 18:00:00+00:00,Tampa Bay Buccaneers,New Orleans Saints,1,45.5,0.5,0.5,0.5,0.5,0.0,0.0,2.0,2.0,0.0
4e289ac7d9b5663fd5a06881f2b1424d,2025-12-07 18:00:00+00:00,Jacksonville Jaguars,Indianapolis Colts,1,46.5,0.5,0.5,0.5,0.5,0.0,0.0,2.0,2.0,0.0
4fead7bd0592ec121cc3baf72e3e21e0,2025-12-07 18:00:00+00:00,Baltimore Ravens,Pittsburgh Steelers,1,46.5,0.5,0.5,0.5,0.5,0.0,0.0,2.0,2.0,0.0
58b16c4033587f5662ff365bce2dbb92,2025-12-07 18:00:00+00:00,Minnesota Vikings,Washington Commanders,1,47.5,0.5,0.5,0.5,0.5,0.0,0.0,2.0,2.0,0.0
5b1211b476d0afa2b57133c9603583b6,2025-12-07 18:00:00+00:00,Green Bay Packers,Chicago Bears,1,46.5,0.4892,0.5108,0.4892,0.5108,0.0,0.0,2.044,1.958,0.0
c86a0783216d21040c87fce3aadd3336,2025-12-07 18:00:00+00:00,New York Jets,Miami Dolphins,1,43.5,0.5,0.5,0.5,0.5,0.0,0.0,2.0,2.0,0.0
f0bdd27bbed46dfc3d0657500c95a96c,2025-12-07 18:00:00+00:00,Atlanta Falcons,Seattle Seahawks,1,45.5,0.4957,0.5043,0.4957,0.5043,0.0,0.0,2.017,1.983,0.0
f95be6b9bd8ce1208f766cbaae8a4822,2025-12-07 18:00:00+00:00,Cleveland Browns,Tennessee Titans,1,41.5,0.5,0.5,0.5,0.5,0.0,0.0,2.0,2.0,0.0
d5fd126cbfea2ccd79962a17f0ef4463,2025-12-07 21:05:00+00:00,Las Vegas Raiders,Denver Broncos,1,43.5,0.5,0.5,0.5,0.5,0.0,0.0,2.0,2.0,0.0
12bbffdcd65d53436b56c68a811ca610,2025-12-07 21:25:00+00:00,Arizona Cardinals,Los Angeles Rams,1,47.5,0.5,0.5,0.5,0.5,0.0,0.0,2.0,2.0,0.0
c67c327076a98a3a1c4a5eb32e5a80c2,2025-12-07 21:25:00+00:00,Buffalo Bills,Cincinnati Bengals,1,49.5,0.5,0.5,0.5,0.5,0.0,0.0,2.0,2.0,0.0
4727a6cfcd3d604dbfcb898c5a4d40a6,2025-12-08 01:20:00+00:00,Kansas City Chiefs,Houston Texans,1,45.5,0.4892,0.5108,0.4892,0.5108,0.0,0.0,2.044,1.958,0.0
5d7b12c34454df4ff2c59a15ca58e63f,2025-12-09 01:15:00+00:00,Los Angeles Chargers,Philadelphia Eagles,1,45.5,0.5,0.5,0.5,0.5,0.0,0.0,2.0,2.0,0.0
08bfd9cd8115339250817cc66a8b3cba,2025-12-12 01:15:00+00:00,Tampa Bay Buccaneers,Atlanta Falcons,1,47.5,0.5,0.5,0.5,0.5,0.0,0.0,2.0,2.0,0.0
0f0601c020a478f5d9f81f06a141c2c8,2025-12-14 18:00:00+00:00,Jacksonville Jaguars,New York Jets,1,43.5,0.5,0.5,0.5,0.5,0.0,0.0,2.0,2.0,0.0
1aa1fb046f11dadb32dad77d5baf552e,2025-12-14 18:00:00+00:00,Cincinnati Bengals,Baltimore Ravens,1,49.5,0.5,0.5,0.5,0.5,0.0,0.0,2.0,2.0,0.0
3aba4bb1fe41ecd45f934116fcc90c3f,2025-12-14 18:00:00+00:00,New York Giants,Washington Commanders,1,45.5,0.5,0.5,0.5,0.5,0.0,0.0,2.0,2.0,0.0
813dab51d999b87c7968ac4890965f73,2025-12-14 18:00:00+00:00,Philadelphia Eagles,Las Vegas Raiders,1,44.5,0.5,0.5,0.5,0.5,0.0,0.0,2.0,2.0,0.0
8261541e6b9b32537bd0821ef2c0a05d,2025-12-14 18:00:00+00:00,Chicago Bears,Cleveland Browns,1,42.5,0.5,0.5,0.5,0.5,0.0,0.0,2.0,2.0,0.0
a360e4c43576d22057ff90d818928066,2025-12-14 18:00:00+00:00,Houston Texans,Arizona Cardinals,1,45.5,0.5,0.5,0.5,0.5,0.0,0.0,2.0,2.0,0.0
c127c7a2426ec655e18ca9c394068f6c,2025-12-14 18:00:00+00:00,New England Patriots,Buffalo Bills,1,46.5,0.5,0.5,0.5,0.5,0.0,0.0,2.0,2.0,0.0
cd5151f8a1e7fcba4901929e77b94acd,2025-12-14 18:00:00+00:00,Kansas City Chiefs,Los Angeles Chargers,1,45.5,0.5,0.5,0.5,0.5,0.0,0.0,2.0,2.0,0.0
2ec8a387d0c337aeffac3f956c292e87,2025-12-14 21:25:00+00:00,Denver Broncos,Green Bay Packers,1,44.5,0.5,0.5,0.5,0.5,0.0,0.0,2.0,2.0,0.0
7ba03312d1012d9872de9999e496558f,2025-12-14 21:25:00+00:00,San Francisco 49ers,Tennessee Titans,1,45.5,0.5,0.5,0.5,0.5,0.0,0.0,2.0,2.0,0.0
bd299b70476643cff05f2be58e12301a,2025-12-14 21:25:00+00:00,Los Angeles Rams,Detroit Lions,1,48.5,0.5,0.5,0.5,0.5,0.0,0.0,2.0,2.0,0.0
f3fd2782d4d03bd12a177fbbad17005b,2025-12-14 21:25:00+00:00,New Orleans Saints,Carolina Panthers,1,43.5,0.5,0.5,0.5,0.5,0.0,0.0,2.0,2.0,0.0
f7343baf47dcf23e672799d00788173d,2025-12-14 21:25:00+00:00,Seattle Seahawks,Indianapolis Colts,1,44.5,0.5,0.5,0.5,0.5,0.0,0.0,2.0,2.0,0.0
3c74ebd1d005a7346c182daf6f7279dd,2025-12-15 01:20:00+00:00,Dallas Cowboys,Minnesota Vikings,1,45.5,0.5,0.5,0.5,0.5,0.0,0.0,2.0,2.0,0.0
ba5d065a7e9ea9afe54642036f2ec83a,2025-12-16 01:15:00+00:00,Pittsburgh Steelers,Miami Dolphins,1,44.5,0.5,0.5,0.5,0.5,0.0,0.0,2.0,2.0,0.0
ac7881cc5a498c5b72680498d3fa8f6e,2025-12-19 01:15:00+00:00,Seattle Seahawks,Los Angeles Rams,1,44.5,0.5,0.5,0.5,0.5,0.0,0.0,2.0,2.0,0.0
9f70d98bc6918dc8e21f329405b649fe,2025-12-20 18:00:00+00:00,Chicago Bears,Green Bay Packers,3,45.5,0.5,0.5,0.5,0.5,0.0,0.0,2.0,2.0,0.0
18fe4528a0bc43d9cd64bd09c0d5019f,2025-12-20 20:00:00+00:00,Washington Commanders,Philadelphia Eagles,3,47.8,0.4928,0.5072,0.4928,0.5072,0.0,0.0,2.029,1.972,0.0
0cce34b9a49c4c6bdc1e65449e37a0f9,2025-12-21 18:00:00+00:00,Tennessee Titans,Kansas City Chiefs,1,44.5,0.5,0.5,0.5,0.5,0.0,0.0,2.0,2.0,0.0
2557976e0e66ab698539b543de125469,2025-12-21 18:00:00+00:00,Cleveland Browns,Buffalo Bills,1,43.5,0.5,0.5,0.5,0.5,0.0,0.0,2.0,2.0,0.0
3db6ba91d2a72ada8843d5a0517bff27,2025-12-21 18:00:00+00:00,New York Giants,Minnesota Vikings,1,42.5,0.5,0.5,0.5,0.5,0.0,0.0,2.0,2.0,0.0
a0476b027679a1670f21e8b75a860ab9,2025-12-21 18:00:00+00:00,Baltimore Ravens,New England Patriots,1,46.5,0.5,0.5,0.5,0.5,0.0,0.0,2.0,2.0,0.0
aa5b25e85d1ad6540d7a5ae04b73ddfd,2025-12-21 18:00:00+00:00,New Orleans Saints,New York Jets,1,41.5,0.5,0.5,0.5,0.5,0.0,0.0,2.0,2.0,0.0
aa9d0cf732b6adde4ad3ec04ca79825c,2025-12-21 18:00:00+00:00,Dallas Cowboys,Los Angeles Chargers,1,46.5,0.5,0.5,0.5,0.5,0.0,0.0,2.0,2.0,0.0
d056f31082bdea4d018a26ba274b8430,2025-12-21 18:00:00+00:00,Carolina Panthers,Tampa Bay Buccaneers,1,47.5,0.4957,0.5043,0.4957,0.5043,0.0,0.0,2.017,1.983,0.0
7d71a0d3cc2a04eb35f1a725104217b5,2025-12-21 21:05:00+00:00,Arizona Cardinals,Atlanta Falcons,1,46.5,0.5,0.5,0.5,0.5,0.0,0.0,2.0,2.0,0.0
93c002f0a42d1b57f3bbabdcfe24ab97,2025-12-21 21:05:00+00:00,Denver Broncos,Jacksonville Jaguars,1,45.5,0.5,0.5,0.5,0.5,0.0,0.0,2.0,2.0,0.0
47a54fb60f7b79179bc80e18a7c5de81,2025-12-21 21:25:00+00:00,Houston Texans,Las Vegas Raiders,1,43.5,0.5,0.5,0.5,0.5,0.0,0.0,2.0,2.0,0.0
a03f89d3aaadf737deb09be24986d5bf,2025-12-21 21:25:00+00:00,Detroit Lions,Pittsburgh Steelers,1,45.5,0.5,0.5,0.5,0.5,0.0,0.0,2.0,2.0,0.0
945286798abb5081432aef109df29778,2025-12-22 01:20:00+00:00,Miami Dolphins,Cincinnati Bengals,1,48.5,0.5,0.5,0.5,0.5,0.0,0.0,2.0,2.0,0.0
2dd4521ee298fa2c6f0ab009c182aae9,2025-12-23 01:15:00+00:00,Indianapolis Colts,San Francisco 49ers,1,46.5,0.5,0.5,0.5,0.5,0.0,0.0,2.0,2.0,0.0
de07002921b9b2b2e1ee2928e4270a3c,2025-12-25 18:01:00+00:00,Washington Commanders,Dallas Cowboys,3,49.2,0.5,0.5,0.5,0.5,0.0,0.0,2.0,2.0,0.0
29da148b927afea00a7774b2a8ee68e7,2025-12-25 21:30:00+00:00,Minnesota Vikings,Detroit Lions,3,47.2,0.5,0.5,0.5,0.5,0.0,0.0,2.0,2.0,0.0
29164a99a917051c6e1778270033d362,2025-12-26 01:15:00+00:00,Kansas City Chiefs,Denver Broncos,3,44.5,0.4964,0.5036,0.4964,0.5036,0.0,0.0,2.015,1.986,0.0
374166780155b8c14e867face95885ee,2025-12-28 18:00:00+00:00,Miami Dolphins,Tampa Bay Buccaneers,1,47.5,0.5,0.5,0.5,0.5,0.0,0.0,2.0,2.0,0.0
7aeff5d5bb88b218c7d72f267a90eb7f,2025-12-28 18:00:00+00:00,Cincinnati Bengals,Arizona Cardinals,1,47.5,0.5,0.5,0.5,0.5,0.0,0.0,2.0,2.0,0.0
832c36c4b6d5132e88cf11391797c194,2025-12-28 18:00:00+00:00,Los Angeles Chargers,Houston Texans,1,43.5,0.5,0.5,0.5,0.5,0.0,0.0,2.0,2.0,0.0
85bead6a72a1952cdd737dcecb55446b,2025-12-28 18:00:00+00:00,Green Bay Packers,Baltimore Ravens,1,46.5,0.5,0.5,0.5,0.5,0.0,0.0,2.0,2.0,0.0
8e7a26b4026e4eca7394cc523fa10a64,2025-12-28 18:00:00+00:00,Carolina Panthers,Seattle Seahawks,1,43.5,0.5108,0.4892,0.5108,0.4892,0.0,0.0,1.958,2.044,0.0
95bdb9f5b22f0491bfba1381637c5009,2025-12-28 18:00:00+00:00,New York Jets,New England Patriots,1,41.5,0.5,0.5,0.5,0.5,0.0,0.0,2.0,2.0,0.0
d75c88e4fb7650ab0577264980bdf98f,2025-12-28 18:00:00+00:00,Tennessee Titans,New Orleans Saints,1,42.5,0.5,0.5,0.5,0.5,0.0,0.0,2.0,2.0,0.0
e6721ef0adb705a8abcbedc2ef6dfb3a,2025-12-28 18:00:00+00:00,Cleveland Browns,Pittsburgh Steelers,1,40.5,0.5,0.5,0.5,0.5,0.0,0.0,2.0,2.0,0.0
f960b282ac197513c9d80bd28baa7e38,2025-12-28 18:00:00+00:00,Indianapolis Colts,Jacksonville Jaguars,1,45.5,0.5,0.5,0.5,0.5,0.0,0.0,2.0,2.0,0.0
596df6f5735277fee0cd78e61cd71060,2025-12-28 21:25:00+00:00,Buffalo Bills,Philadelphia Eagles,1,46.5,0.5,0.5,0.5,0.5,0.0,0.0,2.0,2.0,0.0
dd4aec72c5175cb8cea67d5edc7b1990,2025-12-28 21:25:00+00:00,Las Vegas Raiders,New York Giants,1,42.5,0.5,0.5,0.5,0.5,0.0,0.0,2.0,2.0,0.0
b0dedebd28a82f8f38398033356e9015,2025-12-29 01:20:00+00:00,San Francisco 49ers,Chicago Bears,1,46.5,0.5,0.5,0.5,0.5,0.0,0.0,2.0,2.0,0.0
ea5fe5f603483c8d46f83081cf780397,2025-12-30 01:20:00+00:00,Atlanta Falcons,Los Angeles Rams,1,46.5,0.5,0.5,0.5,0.5,0.0,0.0,2.0,2.0,0.0
2f4cf01e2db22ed928eb8f0357a74007,2026-01-04 18:00:00+00:00,Los Angeles Rams,Arizona Cardinals,1,45.5,0.5,0.5,0.5,0.5,0.0,0.0,2.0,2.0,0.0
41fc7f3165cc9dfdb47c25a9decd7c9b,2026-01-04 18:00:00+00:00,Minnesota Vikings,Green Bay Packers,1,44.5,0.5,0.5,0.5,0.5,0.0,0.0,2.0,2.0,0.0
4fd1173e2f647cbbebf6713d39693089,2026-01-04 18:00:00+00:00,Tampa Bay Buccaneers,Carolina Panthers,1,46.5,0.5,0.5,0.5,0.5,0.0,0.0,2.0,2.0,0.0
623e9172767ca231241e2313bbee095e,2026-01-04 18:00:00+00:00,Jacksonville Jaguars,Tennessee Titans,1,43.5,0.5,0.5,0.5,0.5,0.0,0.0,2.0,2.0,0.0
c624c615075899bb7be6a39e5eea3b2b,2026-01-04 18:00:00+00:00,San Francisco 49ers,Seattle Seahawks,1,44.5,0.5108,0.4892,0.5108,0.4892,0.0,0.0,1.958,2.044,0.0
dad5ec44b4df2b91138872aeb4454e1e,2026-01-04 18:00:00+00:00,Cincinnati Bengals,Cleveland Browns,1,43.5,0.5,0.5,0.5,0.5,0.0,0.0,2.0,2.0,0.0
30621f6a1072712bee795c15eafe9768,2026-01-04 21:05:00+00:00,Denver Broncos,Los Angeles Chargers,1,42.5,0.5,0.5,0.5,0.5,0.0,0.0,2.0,2.0,0.0
